Id,SalePrice
1,156311.6875
2,151504.109375
3,252876.671875
4,166929.90625
5,261985.046875
6,186543.5625
7,180964.421875
8,174943.265625
9,136463.953125
10,225217.109375
11,161096.8125
12,128997.4140625
13,174386.359375
14,161976.5625
15,117106.578125
16,153542.375
17,260587.875
18,247697.765625
19,200460.109375
20,178874.546875
21,178817.609375
22,186453.859375
23,130388.3515625
24,127286
25,128228.4609375
26,304118.0625
27,149939.71875
28,155168.453125
29,192767.203125
30,207450.984375
31,217714.109375
32,125824.109375
33,149314.765625
34,147764.90625
35,174554.828125
36,191753.15625
37,177110.390625
38,174352.953125
39,177803.640625
40,183407.15625
41,217323.765625
42,158557.515625
43,206248.859375
44,239166.3125
45,177212.28125
46,243977.484375
47,180008.9375
48,156049.296875
49,167013.859375
50,174037.59375
51,140354.453125
52,164072.46875
53,201482.546875
54,131753.109375
55,209140.046875
56,142659.21875
57,222166.6875
58,175957.203125
59,239237.046875
60,134425.375
61,233909.75
62,151997.78125
63,205972.328125
64,157126.453125
65,160676
66,181249.5625
67,99538.140625
68,166294.015625
69,157080.21875
70,172323.5625
71,121889.1875
72,114895.3125
73,157905.59375
74,193753.125
75,160495.609375
76,193113.296875
77,221494.0625
78,156530.703125
79,158741.8125
80,162138.796875
81,187421.34375
82,207933.46875
83,216755.171875
84,162189.890625
85,168892.921875
86,193029.53125
87,166629.171875
88,203590.859375
89,127317.28125
90,204480.390625
91,126774.171875
92,169373.9375
93,191486.9375
94,239259.015625
95,179471.4375
96,183010.46875
97,180096.546875
98,174656.53125
99,130561.9765625
100,224461.859375
101,188184.71875
102,138144.484375
103,154099.21875
104,146209.09375
105,182438.625
106,225764.546875
107,167451.75
108,174420.953125
109,223735.046875
110,209893.984375
111,210932.28125
112,152101.703125
113,196252.6875
114,165662.0625
115,151352.109375
116,146504.640625
117,173855.296875
118,234763.640625
119,162135.15625
120,116797.84375
121,352854.09375
122,175697.515625
123,182584.703125
124,160039.484375
125,161500.546875
126,161680.40625
127,227117.25
128,180952.546875
129,258072.65625
130,131069.2109375
131,239164.640625
132,266795.875
133,157155.421875
134,191631.171875
135,173036.203125
136,145485.953125
137,128543.390625
138,212948.078125
139,196438.046875
140,213069.84375
141,181865.953125
142,200709.078125
143,145236.109375
144,172664.71875
145,221991.859375
146,151843.546875
147,163728.8125
148,232647.234375
149,221264.046875
150,185939.84375
151,162891.796875
152,157680.734375
153,125579.296875
154,189674.203125
155,191387.453125
156,340782.53125
157,178897.234375
158,158698.21875
159,164287.875
160,148325.671875
161,137829.734375
162,183661.78125
163,163519.390625
164,194081.109375
165,166773
166,265896.46875
167,151633.796875
168,215842.890625
169,139389.890625
170,156148.796875
171,162833.25
172,155462.828125
173,175265.34375
174,143277.640625
175,168170.625
176,280963.84375
177,129111.1484375
178,185202.703125
179,189844.1875
180,165822.484375
181,157409.4375
182,141357.296875
183,220395.390625
184,185086.421875
185,156606.484375
186,183255.59375
187,148510.84375
188,167938.515625
189,182468.578125
190,153805.3125
191,107692.640625
192,181593.421875
193,269988.71875
194,139890.484375
195,187874.03125
196,137926.03125
197,159892.40625
198,127203.328125
199,174108.53125
200,171349.5625
201,173607.90625
202,152501.28125
203,196531.109375
204,183214.765625
205,266558.875
206,140722.65625
207,170003.90625
208,141796.3125
209,134148.265625
210,143469.75
211,225139.625
212,152557.34375
213,171255.796875
214,123882.3125
215,191744.984375
216,208985.4375
217,163349.15625
218,224238.875
219,130318.5625
220,170080.203125
221,209837.296875
222,152161.5
223,221869.515625
224,154746.671875
225,145208.921875
226,187833.6875
227,178252.109375
228,195118.640625
229,135320.015625
230,158151.84375
231,139007.03125
232,169402.6875
233,141781.796875
234,114508.4453125
235,130193.78125
236,130033.265625
237,191371.265625
238,136947.0625
239,126071.984375
240,191557.765625
241,237890.328125
242,184449.09375
243,158389.640625
244,207015.546875
245,167304.078125
246,158584.0625
247,142343.921875
248,120629.1953125
249,282682.125
250,128267.703125
251,150840.03125
252,201523.3125
253,169723.375
254,218626.484375
255,166897.84375
256,137015.15625
257,149842.96875
258,140517.203125
259,268821.125
260,108812.9765625
261,148664.5625
262,177553.59375
263,124815.3125
264,146869.3125
265,147807.59375
266,175046.96875
267,136750.109375
268,106123.7578125
269,126663.4765625
270,183046.421875
271,186171.375
272,144550.40625
273,144678.296875
274,142538.265625
275,160746.03125
276,99817.0390625
277,243877.703125
278,202590.75
279,122991.4375
280,185759.125
281,195128.1875
282,233253.828125
283,125539.1953125
284,229401.109375
285,168500.4375
286,183387.625
287,224185.234375
288,179639.515625
289,166215.765625
290,149314.65625
291,190382.828125
292,185234.046875
293,151267.6875
294,183570.984375
295,158155.078125
296,142569.15625
297,124543.1640625
298,132714.359375
299,282235.25
300,133132.265625
301,182912.671875
302,149526.359375
303,194986.671875
304,185258.09375
305,144066.1875
306,218454.171875
307,140250.859375
308,171398.75
309,124459.7421875
310,269821.5625
311,148714.0625
312,131762.296875
313,203711.453125
314,157940.171875
315,123041.2421875
316,138488.15625
317,200342.078125
318,187162.859375
319,179352.359375
320,161227.625
321,165971.671875
322,137167.9375
323,133378.171875
324,303576.3125
325,103370.171875
326,193196.65625
327,161144.828125
328,167920.8125
329,219199.78125
330,206845.4375
331,196148.59375
332,179809.421875
333,121293.875
334,121298.71875
335,130713.796875
336,185998.9375
337,176699.96875
338,139111.546875
339,209337.71875
340,126786.1328125
341,167812.125
342,200826.8125
343,115441.2109375
344,216272.4375
345,224125.421875
346,177788.40625
347,104597.140625
348,143858.515625
349,134783.71875
350,172226.609375
351,186836.625
352,130274.7578125
353,144898.859375
354,147923.6875
355,184425.046875
356,153581.03125
357,128792.7109375
358,177008.71875
359,225724
360,135600.140625
361,145856.875
362,116915.03125
363,163129.46875
364,141718.390625
365,175123.203125
366,163258.28125
367,128346.4375
368,211943.359375
369,177975.734375
370,177602.171875
371,153578.421875
372,255990.78125
373,194340.015625
374,196642.515625
375,193866.203125
376,189049.96875
377,163499.3125
378,160716.984375
379,138750.96875
380,164505.875
381,191329.9375
382,185320.578125
383,105545.3359375
384,176365.609375
385,252385.953125
386,150032.796875
387,204005.8125
388,220755.625
389,108445.9375
390,162208.546875
391,182997.703125
392,127777.0703125
393,135407.09375
394,158170.34375
395,192431.328125
396,186759.015625
397,133115
398,154057.390625
399,142715.765625
400,143603.375
401,168541.046875
402,146877.703125
403,156670.25
404,170520.140625
405,147270.015625
406,159326.15625
407,113006.671875
408,154172.578125
409,118970.7265625
410,187473.75
411,138567.265625
412,145154.265625
413,135852.078125
414,197792.84375
415,168683.59375
416,197345.734375
417,170426.609375
418,168523.125
419,144191.390625
420,186065.375
421,137183.78125
422,156045.3125
423,141774.328125
424,201224.75
425,189720.71875
426,203372.265625
427,148752.90625
428,171588.625
429,226851.09375
430,163568.078125
431,205419.34375
432,158444.875
433,145347.34375
434,131385.921875
435,160837.5
436,204064.96875
437,166860.40625
438,171153.25
439,145863.265625
440,165923.796875
441,172826.671875
442,110257.171875
443,144788.984375
444,138616.078125
445,227364.875
446,153043.078125
447,209239.3125
448,215948.125
449,219679.015625
450,200060.5625
451,129329.5390625
452,124589.7265625
453,164124.25
454,132026.953125
455,153546.265625
456,164007.1875
457,162838.84375
458,249541.3125
459,198154.625
460,151679.109375
461,256221.53125
462,166911.40625
463,178333.71875
464,234506.78125
465,153768.65625
466,189793.953125
467,180162
468,204236.640625
469,153657.5625
470,192496.9375
471,153880.140625
472,227468.625
473,174385.640625
474,184283.09375
475,198217.9375
476,107963.71875
477,200861.78125
478,137887.96875
479,152884.4375
480,170277.671875
481,192473.0625
482,203568.5625
483,164986.40625
484,122126.375
485,167778.984375
486,211590.5625
487,157407.578125
488,220329.75
489,145281.34375
490,159496.734375
491,113993.5
492,163845.734375
493,190287.125
494,126050.171875
495,195075.828125
496,117634.15625
497,152671.921875
498,170417.234375
499,185078.734375
500,213017.515625
501,120386.890625
502,165284.21875
503,175530.140625
504,133645.953125
505,197657.515625
506,199899.125
507,222373.703125
508,172795.6875
509,237136.078125
510,139732.359375
511,246908.609375
512,180916.609375
513,189677
514,135695.0625
515,215727.703125
516,198836
517,250749.328125
518,164798.5625
519,153654.078125
520,152737.671875
521,146462.96875
522,190619.328125
523,136504.921875
524,145569.0625
525,233514.03125
526,155597.625
527,184210.1875
528,158412.109375
529,223152.109375
530,213389.046875
531,190875.359375
532,148586.296875
533,196104.546875
534,171856.625
535,182767.75
536,221618.203125
537,182606.875
538,211109.96875
539,230960.375
540,97300.8046875
541,153261.109375
542,134022.5
543,155444.203125
544,153034.9375
545,164239.4375
546,140206.109375
547,189373.5625
548,178580.46875
549,128185.5078125
550,136003.375
551,146271.03125
552,187375.71875
553,140361.953125
554,201552.828125
555,170521.984375
556,188270.53125
557,246157.859375
558,225096.75
559,122942.2734375
560,136912.90625
561,133198.125
562,162654.71875
563,117677.953125
564,243027.09375
565,218029.484375
566,196980.359375
567,228853.359375
568,154901.625
569,158448.765625
570,219986.125
571,159575.625
572,119797.828125
573,165113.234375
574,156454.734375
575,182984.5
576,146435.703125
577,184636.171875
578,168770.5
579,186766.953125
580,115947.3046875
581,153825.0625
582,140391.1875
583,209439.484375
584,136218.578125
585,179205.859375
586,250659.25
587,216159.5
588,205096.65625
589,136731.109375
590,147022.921875
591,242118.09375
592,256652.046875
593,236311.765625
594,313951.65625
595,144905.921875
596,175627.53125
597,239608.109375
598,176596.34375
599,162636.078125
600,138021.828125
601,208600
602,177504.25
603,160985.09375
604,178625.90625
605,116859.828125
606,124067.28125
607,136094.328125
608,151059.765625
609,211445.84375
610,213312.484375
611,142313.8125
612,104328.984375
613,134709.578125
614,239614.515625
615,112302.640625
616,194114.796875
617,195316.359375
618,189823.78125
619,186980.328125
620,147869.5625
621,168614.84375
622,188005.734375
623,274128.9375
624,182277
625,128602.953125
626,167220.59375
627,181466.125
628,161435.609375
629,215725.703125
630,132304.890625
631,177748.953125
632,148192.28125
633,173065.953125
634,202315.8125
635,173173.140625
636,150667.078125
637,178297.015625
638,176542.125
639,165289.109375
640,124411.1484375
641,243718.46875
642,185278.078125
643,209908.59375
644,165314.0625
645,133150.4375
646,142356.390625
647,215291.15625
648,129798.546875
649,228893.953125
650,183782.4375
651,112918.578125
652,172430.0625
653,129028.8359375
654,124520.5625
655,152943.78125
656,209628.796875
657,179376.625
658,136236.828125
659,151339.875
660,157451.359375
661,167339.9375
662,146624.65625
663,176162.484375
664,190597.609375
665,226905.828125
666,176097.953125
667,133604.78125
668,179735.328125
669,171798.40625
670,117261.3828125
671,121553.84375
672,184035.71875
673,138262.65625
674,206512.4375
675,183201.328125
676,173645.890625
677,180329.515625
678,163960.140625
679,189962.4375
680,146848.609375
681,152711.703125
682,172281.234375
683,189014.4375
684,144781.84375
685,188688.28125
686,142979.125
687,195809.9375
688,178964.859375
689,169967.78125
690,217802.328125
691,175970.96875
692,158777.40625
693,138677.96875
694,220249.453125
695,171167.5625
696,180922.6875
697,166678.390625
698,132556.265625
699,142718.09375
700,205431.28125
701,167439.609375
702,176590.765625
703,216542.75
704,228051.609375
705,131735.828125
706,148329.15625
707,160074.328125
708,201172.234375
709,203441.46875
710,113807.328125
711,162969.015625
712,143165.015625
713,165964.53125
714,165084.515625
715,132799.390625
716,144280.671875
717,187125.46875
718,178880.46875
719,136066.140625
720,171498.125
721,171502.96875
722,143788.8125
723,147302.390625
724,161237.578125
725,152559.1875
726,141518.203125
727,155463.921875
728,147373.015625
729,162098.453125
730,217047.3125
731,223063.703125
732,176891.625
733,153725.421875
734,195607.65625
735,137677.5625
736,191397.96875
737,156718.109375
738,193585.609375
739,156898.171875
740,149274.375
741,182787.46875
742,111959.8671875
743,145897.34375
744,214371.984375
745,176082.1875
746,172282.140625
747,171940.46875
748,121522.3984375
749,182032.734375
750,225801.046875
751,164734.46875
752,224037.578125
753,240977.796875
754,209196.0625
755,175589.796875
756,199837.078125
757,282078.28125
758,168610.53125
759,191395.640625
760,149289.71875
761,194998.90625
762,149160.875
763,197344.171875
764,233305.75
765,234003.359375
766,197735.125
767,242760.03125
768,173849.5625
769,99496.984375
770,259455.828125
771,152682
772,188508.15625
773,181552.859375
774,191291.03125
775,178458.75
776,172031.421875
777,252667.703125
778,141396.875
779,155216.03125
780,196250.796875
781,222838.5625
782,170468.90625
783,153891.8125
784,138487.65625
785,158149.578125
786,107040.1171875
787,153149.21875
788,165866.734375
789,186409.28125
790,177281.234375
791,178804.421875
792,188984.65625
793,126634.1171875
794,146592.78125
795,129084.5
796,226558.921875
797,166124.0625
798,171092.921875
799,133889.859375
800,162669.75
801,171703.671875
802,171428.984375
803,175891.328125
804,139068.296875
805,155871.328125
806,153962.703125
807,165780.890625
808,185084.421875
809,139183.578125
810,151829.078125
811,221318.59375
812,155163.78125
813,126297.4921875
814,197303
815,142438.75
816,247388.890625
817,216603.5625
818,219427.390625
819,335289.46875
820,171800.71875
821,190318.140625
822,227743.59375
823,139624.1875
824,139893.59375
825,181976.421875
826,267220.78125
827,209139.734375
828,211994.15625
829,183647.375
830,134415.65625
831,168638.9375
832,168898.765625
833,156385.84375
834,167619.4375
835,187953.078125
836,272911.5
837,152376.484375
838,153402.65625
839,153373.921875
840,135650.515625
841,106806.921875
842,205700
843,115348.7265625
844,182222.203125
845,131862.265625
846,127522.4375
847,168739.109375
848,141692.59375
849,155931.71875
850,152860.21875
851,129398.90625
852,194934.609375
853,164713.578125
854,155608.390625
855,154777.390625
856,133154.203125
857,126992.8828125
858,285504.75
859,182066.609375
860,201375.859375
861,226025.171875
862,193085.84375
863,192822.28125
864,193849.1875
865,292689.46875
866,187353.4375
867,211035.921875
868,146521.171875
869,146177.109375
870,165576.46875
871,177808.1875
872,148914.1875
873,258493.46875
874,139792.53125
875,179022.34375
876,182758.8125
877,167943.671875
878,155790.6875
879,145525.9375
880,295204.03125
881,165825.484375
882,182972.359375
883,229144.578125
884,161917.46875
885,126192.046875
886,105569.6171875
887,154615.015625
888,183901.53125
889,258320.234375
890,167411.71875
891,191466.546875
892,231597.578125
893,114865.2109375
894,195576.578125
895,160564.453125
896,154218.265625
897,149722.203125
898,112773.671875
899,192589.53125
900,174940.40625
901,139065.109375
902,172291.890625
903,179206
904,120583.390625
905,181458.1875
906,283293.4375
907,168893.296875
908,145275.1875
909,139968.5
910,177752.15625
911,169492.203125
912,123085.7578125
913,170239.671875
914,192845.390625
915,144177.484375
916,194190.140625
917,192842.484375
918,131979.890625
919,169221.9375
920,173657.65625
921,144006.640625
922,105404.4765625
923,242347.328125
924,283672.90625
925,172512.984375
926,153137.28125
927,188530.875
928,173207.484375
929,136667.71875
930,197074.125
931,188495
932,148501.328125
933,104357.921875
934,190869.765625
935,184940.8125
936,167136.546875
937,170534.71875
938,166598.4375
939,174121.40625
940,242401.5
941,195803.515625
942,190514.640625
943,200375.796875
944,257968.828125
945,195194.828125
946,209356.15625
947,186406.265625
948,162019.046875
949,149992.875
950,170692.140625
951,136268.8125
952,172495.375
953,190135.59375
954,224998.484375
955,127173.53125
956,210764.734375
957,187417.40625
958,125768.59375
959,167779.28125
960,142149.3125
961,228803.953125
962,260680.984375
963,137329.546875
964,137436.65625
965,161367.21875
966,129957.171875
967,126522.390625
968,191886.75
969,171479.5625
970,148861.609375
971,128048.1953125
972,163886.21875
973,221293.8125
974,276488.75
975,152985.59375
976,134452.546875
977,110460.78125
978,139789.6875
979,196185.5625
980,167641.359375
981,159448.21875
982,144887.9375
983,140549.796875
984,162067.75
985,159180.015625
986,125585.8515625
987,104553.671875
988,187127.375
989,212034.90625
990,147995.296875
991,190387.28125
992,235510.0625
993,181409.828125
994,145087.59375
995,197481.71875
996,173736.609375
997,155644.21875
998,153406.90625
999,164720.015625
1000,147074.234375
1001,173047.546875
1002,268759.28125
1003,208731.625
1004,138965.8125
1005,122747.59375
1006,109439.921875
1007,168704.546875
1008,159402.53125
1009,166571.40625
1010,139248.203125
1011,136181.046875
1012,182908.890625
1013,141277.09375
1014,174902.03125
1015,144340.453125
1016,132047.9375
1017,132379.171875
1018,150393.578125
1019,122421.3125
1020,177204.390625
1021,153199.375
1022,180645.046875
1023,122874.59375
1024,184147.40625
1025,113591.7109375
1026,160006.53125
1027,189273.25
1028,145703.375
1029,191806.46875
1030,155444.203125
1031,168905.5
1032,167493.03125
1033,206535.3125
1034,121591.28125
1035,166602.921875
1036,185642.140625
1037,149181.40625
1038,187170.734375
1039,218523.296875
1040,219520.5625
1041,150097.140625
1042,150609.09375
1043,247728.671875
1044,212796.15625
1045,198017.15625
1046,288374.875
1047,180781.890625
1048,211670.515625
1049,177437.546875
1050,137940.625
1051,149265.34375
1052,178635.15625
1053,125522.859375
1054,202228.03125
1055,179536.703125
1056,162992.6875
1057,141282.65625
1058,169497.625
1059,168969.421875
1060,122094.7265625
1061,186462.640625
1062,157441.28125
1063,169203.3125
1064,151923.125
1065,170496.15625
1066,193370.59375
1067,233229
1068,149631.0625
1069,148989.40625
1070,151416.859375
1071,123378.5546875
1072,135043.65625
1073,109743.0546875
1074,166317.03125
1075,124278.953125
1076,149480.15625
1077,257194.640625
1078,168526.71875
1079,142894
1080,154422.28125
1081,123177.6484375
1082,170823.875
1083,178924.390625
1084,159308.203125
1085,138292.875
1086,150636.4375
1087,170904.6875
1088,135566.640625
1089,153410.359375
1090,178516.734375
1091,177370.453125
1092,153146.359375
1093,256612.71875
1094,114469.7109375
1095,160784.90625
1096,205381.234375
1097,148444.59375
1098,240203.671875
1099,194650.921875
1100,208017.90625
1101,129966.2734375
1102,185316.0625
1103,144832.125
1104,159691.265625
1105,166369.078125
1106,168804.921875
1107,185758.609375
1108,169580.421875
1109,233147.609375
1110,130362.125
1111,122309.375
1112,183761.203125
1113,166639.859375
1114,180901.578125
1115,235194.328125
1116,165942.921875
1117,130948.03125
1118,135778.03125
1119,275510.71875
1120,177083.90625
1121,158800.84375
1122,109421.65625
1123,233667.984375
1124,185176.875
1125,188811.46875
1126,245678.921875
1127,191945.703125
1128,164816.0625
1129,163390.828125
1130,152735.96875
1131,236879.640625
1132,164660.203125
1133,136425.8125
1134,171234.78125
1135,149315.171875
1136,158389.375
1137,134282.859375
1138,179135.953125
1139,193143.796875
1140,158691.953125
1141,162823.421875
1142,153440.421875
1143,166000.15625
1144,142098.46875
1145,130226.890625
1146,205233.46875
1147,152135.078125
1148,260155.078125
1149,151647.5
1150,148641.625
1151,248111.4375
1152,144000.171875
1153,123995.59375
1154,140817.703125
1155,125623.15625
1156,142993.3125
1157,164537.890625
1158,207723.40625
1159,129765.203125
1160,179492.234375
1161,149848.890625
1162,135416.515625
1163,145516.421875
1164,118812.140625
1165,228038.65625
1166,207190.796875
1167,144412.515625
1168,180914.765625
1169,190761.546875
1170,204855.4375
1171,170553.390625
1172,222376.015625
1173,153626.1875
1174,162822.015625
1175,155886.375
1176,219782.390625
1177,218170.921875
1178,218733.5625
1179,153726.546875
1180,134192.0625
1181,196732.046875
1182,154195.140625
1183,132842.109375
1184,186286.84375
1185,152141.25
1186,165942.328125
1187,259847.171875
1188,101225.6484375
1189,229431.96875
1190,135680.21875
1191,242707.4375
1192,143575.625
1193,218231.484375
1194,151690.125
1195,242776.4375
1196,155210.40625
1197,199029.640625
1198,246221.578125
1199,176562.078125
1200,135048.4375
1201,175331.828125
1202,146193.28125
1203,254069.84375
1204,141600.484375
1205,151947.234375
1206,201312.765625
1207,159876.390625
1208,198152.046875
1209,156150.09375
1210,153315.796875
1211,145645.3125
1212,149198.109375
1213,146913.546875
1214,155740.609375
1215,186919.0625
1216,217927.59375
1217,119475.953125
1218,219647.25
1219,214846.34375
1220,182460.15625
1221,199565.3125
1222,190906.421875
1223,147557.15625
1224,186087.40625
1225,261639.484375
1226,201137.40625
1227,159102.078125
1228,156620.453125
1229,290501.71875
1230,151896.78125
1231,136666.03125
1232,131113.578125
1233,243915.34375
1234,142006.625
1235,186906.53125
1236,154072.265625
1237,237420.390625
1238,137524.28125
1239,171382.234375
1240,145548.828125
1241,158812.71875
1242,104039.6640625
1243,165259.21875
1244,131509.15625
1245,141283.078125
1246,201633
1247,134307.625
1248,131457.65625
1249,155606.453125
1250,117857.515625
1251,127783.453125
1252,128929.2734375
1253,174088.75
1254,182628.96875
1255,221692.875
1256,166179.15625
1257,170226.203125
1258,151233.90625
1259,259931.671875
1260,153642.59375
1261,219733.109375
1262,152915.65625
1263,203872.71875
1264,180572.390625
1265,151320.640625
1266,182974.6875
1267,162473.734375
1268,199109.96875
1269,142747.59375
1270,196868.578125
1271,189746.078125
1272,157231.40625
1273,175505.765625
1274,137063.25
1275,176962.703125
1276,120335.234375
1277,196071.546875
1278,173129.59375
1279,223555.9375
1280,140665.40625
1281,175513.015625
1282,170989.53125
1283,194318.375
1284,191716.953125
1285,149525.6875
1286,167169.140625
1287,181150.453125
1288,198364.453125
1289,159708.78125
1290,169656.96875
1291,135767.71875
1292,156342.125
1293,207951.796875
1294,134375.25
1295,117099.65625
1296,212950.03125
1297,148708.65625
1298,142048.921875
1299,116238.75
1300,159636.65625
1301,144573.4375
1302,146128.78125
1303,152426.59375
1304,120447.375
1305,190800.5
1306,141085.84375
1307,169616.546875
1308,139742.84375
1309,159846.21875
1310,176210.21875
1311,211512.65625
1312,157995.15625
1313,223551.515625
1314,189867.046875
1315,166135.5625
1316,143312.75
1317,153333.59375
1318,165032.28125
1319,244160.15625
1320,163495.140625
1321,148267.234375
1322,157875.8125
1323,133413.75
1324,151873.328125
1325,131419.546875
1326,160622.3125
1327,164562.1875
1328,114947.4453125
1329,182635.828125
1330,215238.71875
1331,163878.671875
1332,252137.9375
1333,107308.15625
1334,207754.859375
1335,317201.53125
1336,197623.765625
1337,205150.453125
1338,181381.09375
1339,120153.7421875
1340,160886.890625
1341,236949.71875
1342,106814.4921875
1343,149432.5
1344,189917.84375
1345,163762.453125
1346,164591.125
1347,144453.921875
1348,186463.59375
1349,116673.328125
1350,166514.5625
1351,149766.890625
1352,127965.1015625
1353,183699.265625
1354,143978.640625
1355,227778.609375
1356,142737.1875
1357,205497.546875
1358,162542.203125
1359,178086.921875
1360,145218.640625
1361,115693.7578125
1362,157914.53125
1363,182924.90625
1364,112985.7265625
1365,218899.828125
1366,294855.28125
1367,161003.375
1368,160562.53125
1369,201804.796875
1370,171436.875
1371,234671.875
1372,153936.09375
1373,185684.90625
1374,134689.90625
1375,114092.0390625
1376,139287.359375
1377,155213.5625
1378,125055.6484375
1379,209566.578125
1380,193552.96875
1381,152227.546875
1382,156843.765625
1383,123955.1953125
1384,132937.109375
1385,124909.5078125
1386,166251.140625
1387,172951.359375
1388,172610.6875
1389,190634.375
1390,177208.90625
1391,144579.28125
1392,205325.625
1393,207881
1394,153055.828125
1395,136981.03125
1396,163344.8125
1397,211851.546875
1398,127598.109375
1399,178579.203125
1400,185823.8125
1401,132161.1875
1402,153771.5
1403,171184.265625
1404,177300.3125
1405,211679.28125
1406,160353.375
1407,191159.78125
1408,248379.15625
1409,171776.640625
1410,132645.359375
1411,158467.328125
1412,155862.6875
1413,208559.046875
1414,170171.96875
1415,229268.109375
1416,249401.78125
1417,98441.5546875
1418,125994.7109375
1419,225234.703125
1420,133208.0625
1421,220232.40625
1422,150166.375
1423,167715.9375
1424,172940.375
1425,263675.9375
1426,188624.171875
1427,153547.578125
1428,151898.140625
1429,130889.21875
1430,199886.875
1431,247821.734375
1432,134758.34375
1433,185903.53125
1434,153383.359375
1435,232334.921875
1436,107238.609375
1437,202452.9375
1438,167334.84375
1439,147229.796875
1440,220143.359375
1441,160578.015625
1442,179483.109375
1443,188832.59375
1444,205354.859375
1445,170271.3125
1446,137620.90625
1447,223271.4375
1448,209496.234375
1449,156673.71875
1450,112982.6796875
1451,217087.8125
1452,167849.6875
1453,153958.515625
1454,198918.046875
1455,181201.78125
1456,167222.453125
1457,211473.6875
1458,156638.734375
1459,132456.625
1460,139753.59375
1461,189576.46875
1462,117138.2890625
1463,171712.203125
1464,161906.546875
1465,159022.09375
1466,144739.59375
1467,125937.0859375
1468,145964.15625
1469,174606.640625
1470,137757.765625
1471,188684.703125
1472,157721.65625
1473,226276.96875
1474,228934.609375
1475,124228.5078125
1476,254901.65625
1477,125554.3828125
1478,160585.6875
1479,135284.5
1480,176453.34375
1481,156390.421875
1482,132572.46875
1483,171730.546875
1484,193061.53125
1485,155706.34375
1486,160111.671875
1487,160960.875
1488,179185.375
1489,272693.34375
1490,147011.921875
1491,151375.1875
1492,115303.328125
1493,171832.25
1494,169617.3125
1495,128196.8203125
1496,149260.765625
1497,164956.484375
1498,117216.578125
1499,226608.046875
1500,214591
1501,159310.609375
1502,121457.296875
1503,164818.546875
1504,163771.109375
1505,209848.890625
1506,184182.625
1507,180194.09375
1508,190638.234375
1509,227291.140625
1510,152652.046875
1511,126969.5390625
1512,103476.984375
1513,120577.484375
1514,197667.703125
1515,180027.421875
1516,154452.296875
1517,180522.984375
1518,215011.734375
1519,161785.8125
1520,164809.375
1521,142834.46875
1522,157390.953125
1523,246236.03125
1524,237498.5
1525,178195.078125
1526,128512.3828125
1527,149328.34375
1528,130571.3515625
1529,182687.921875
1530,207180.125
1531,286651.40625
1532,172522.3125
1533,245368.296875
1534,215855.65625
1535,218514.59375
1536,102496.765625
1537,157073.859375
1538,101421.3671875
1539,111986.671875
1540,210630.078125
1541,163849.765625
1542,151465.953125
1543,170263.28125
1544,154593.390625
1545,156345.609375
1546,153791.140625
1547,177781.359375
1548,197403.953125
1549,201721.0625
1550,212222.53125
1551,121438.6875
1552,175503.671875
1553,158151.765625
1554,175465.84375
1555,125037.7578125
1556,130410.0703125
1557,213113.46875
1558,177714.921875
1559,166484.375
1560,142203.921875
1561,227457.65625
1562,208494.03125
1563,126031.3671875
1564,237838.71875
1565,210656.15625
1566,109331.7734375
1567,121315.4453125
1568,167112.625
1569,138464.296875
1570,143050.46875
1571,170260.234375
1572,183686.671875
1573,173369.953125
1574,139180
1575,143385.328125
1576,214046.515625
1577,165043.734375
1578,267745.90625
1579,189435.1875
1580,178362.953125
1581,163890.46875
1582,161961.40625
1583,160897.65625
1584,161193.4375
1585,191113.671875
1586,225398.796875
1587,134246.46875
1588,109810.5390625
1589,190871.03125
1590,188632.71875
1591,125138.84375
1592,183739.8125
1593,156741.859375
1594,162641.203125
1595,155780.15625
1596,154409.90625
1597,135719.671875
1598,181016.578125
1599,185345.984375
1600,200327
1601,177924.875
1602,95120.53125
1603,116207.0625
1604,153071.5625
1605,156878.109375
1606,179438.71875
1607,175434.796875
1608,168975.359375
1609,167339.015625
1610,189611.421875
1611,148201.796875
1612,128862.015625
1613,170763.71875
1614,159045.125
1615,182782.140625
1616,136291.484375
1617,193546.25
1618,178796.515625
1619,161076.828125
1620,204137.640625
1621,170072.90625
1622,279861.6875
1623,106200.5078125
1624,291995.90625
1625,197421.015625
1626,166095.96875
1627,166633.734375
1628,217754.625
1629,147242.53125
1630,189307.984375
1631,202147.390625
1632,202539.171875
1633,269669.125
1634,163032.828125
1635,263969.59375
1636,158893.9375
1637,186600.4375
1638,138807.625
1639,238905.234375
1640,148183.875
1641,186232.015625
1642,140805.3125
1643,195373.59375
1644,119964.1015625
1645,128211.8359375
1646,195979.296875
1647,259168.09375
1648,140490.859375
1649,201805.078125
1650,172808.0625
1651,192396.09375
1652,150476.34375
1653,146743.15625
1654,261982.890625
1655,140601.84375
1656,171336.34375
1657,180827.90625
1658,153139.59375
1659,233551
1660,197161.515625
1661,197218.90625
1662,208468.375
1663,157469.09375
1664,146265.421875
1665,238236.375
1666,156386.359375
1667,187511.75
1668,127014.140625
1669,145214.265625
1670,173833.703125
1671,146923.359375
1672,149026.984375
1673,136572.796875
1674,175835.390625
1675,207320.765625
1676,143850.59375
1677,177671.265625
1678,119475.2734375
1679,165030.65625
1680,162515.71875
1681,170744.875
1682,155995.75
1683,159382.90625
1684,149688.828125
1685,138375.3125
1686,179424.40625
1687,185414.3125
1688,185011.09375
1689,136959.78125
1690,191859.90625
1691,173470.4375
1692,146153.046875
1693,199289.1875
1694,232428
1695,301803.34375
1696,159658.328125
1697,144768.125
1698,152385.09375
1699,257012.984375
1700,182916.78125
1701,284453.96875
1702,208033.140625
1703,150795.9375
1704,249545.6875
1705,185378.34375
1706,172429.1875
1707,163748.140625
1708,157461.96875
1709,224363.84375
1710,145287.90625
1711,144163.90625
1712,154193.390625
1713,142784.671875
1714,154495.0625
1715,129948.1796875
1716,159572.625
1717,142875.265625
1718,184210.375
1719,184834.875
1720,197059.390625
1721,152656.734375
1722,148115.75
1723,252232.796875
1724,177914.046875
1725,113976.2109375
1726,175355.515625
1727,145124.078125
1728,110936.9140625
1729,163782.71875
1730,136530.359375
1731,156975.8125
1732,149227.515625
1733,203538.828125
1734,153300
1735,154479.90625
1736,210253.9375
1737,180194.90625
1738,218088.90625
1739,181309.140625
1740,163992.234375
1741,172343
1742,223581.140625
1743,140104.40625
1744,191644.65625
1745,253421.921875
1746,183222.40625
1747,152840.4375
1748,166020.390625
1749,211372.46875
1750,137994.359375
1751,153989.53125
1752,110258.9375
1753,147224.484375
1754,157213.9375
1755,133675.53125
1756,216089.421875
1757,206609.046875
1758,224317.125
1759,170597.5
1760,174752.796875
1761,165371.140625
1762,248864.859375
1763,149434.546875
1764,181593.125
1765,147171.484375
1766,125517.7421875
1767,188181.546875
1768,129209.15625
1769,240910.5
1770,129720.90625
1771,136735.046875
1772,170178.5625
1773,134587.171875
1774,291571.8125
1775,175291.640625
1776,181862.390625
1777,258969.71875
1778,153023
1779,171138.3125
1780,201768.734375
1781,171803.390625
1782,142936.8125
1783,171904.171875
1784,123202.875
1785,156863.734375
1786,165796.34375
1787,168747.03125
1788,136919.375
1789,326966.78125
1790,153101.765625
1791,187450.078125
1792,202026.734375
1793,152853.515625
1794,187452.40625
1795,187182.265625
1796,140347.8125
1797,117492.7734375
1798,93822.921875
1799,137531.890625
1800,184092.25
1801,169587.453125
1802,228563.484375
1803,179810.703125
1804,180767.390625
1805,165193.859375
1806,173551.359375
1807,183247.515625
1808,122282.4375
1809,151977.75
1810,124066
1811,166050.734375
1812,143545.03125
1813,175920.40625
1814,162996.890625
1815,143192.078125
1816,138330.609375
1817,270981.71875
1818,130435.5546875
1819,120827.3671875
1820,182589.171875
1821,165528.546875
1822,238205.5
1823,168267.578125
1824,194184.203125
1825,148607.34375
1826,232473.40625
1827,190101.296875
1828,258234.421875
1829,161485.125
1830,161159.953125
1831,231238.796875
1832,216366.0625
1833,179345.21875
1834,131240.75
1835,127949.0234375
1836,123822.1640625
1837,263938.875
1838,201200.171875
1839,246201.65625
1840,99607.6171875
1841,179986.71875
1842,144890.84375
1843,169825.171875
1844,251917
1845,175121.390625
1846,184025.9375
1847,249116.125
1848,272083.21875
1849,148452.828125
1850,107063.5546875
1851,240399.53125
1852,195290.015625
1853,165812.296875
1854,175625.28125
1855,203895.875
1856,197961.015625
1857,122014.5234375
1858,223942.234375
1859,173428.828125
1860,209487.8125
1861,144758.421875
1862,154756.140625
1863,176448.734375
1864,188654.859375
1865,144170.953125
1866,178620.65625
1867,169835.71875
1868,97108.921875
1869,177146.109375
1870,229561.0625
1871,155415.015625
1872,146163.828125
1873,152029.65625
1874,142973
1875,169064.9375
1876,172730.171875
1877,193025.546875
1878,156506.78125
1879,164918.90625
1880,153893.40625
1881,278175.78125
1882,168663.5
1883,125586.9765625
1884,140116.25
1885,178626.296875
1886,173761.90625
1887,162537.609375
1888,117882.109375
1889,156822.078125
1890,200717.46875
1891,94872.0234375
1892,159608.296875
1893,189959.234375
1894,237546.328125
1895,193534.828125
1896,131180.90625
1897,197036.671875
1898,217099.53125
1899,167607.6875
1900,118136.046875
1901,140243.515625
1902,212800.84375
1903,155300.640625
1904,178397.046875
1905,138544.6875
1906,135077.890625
1907,176476.359375
1908,143063.625
1909,176405.25
1910,170290.21875
1911,158756.4375
1912,221103.28125
1913,206644.984375
1914,136112.65625
1915,116453.1015625
1916,151433.4375
1917,158107.625
1918,176237.125
1919,153116.21875
1920,186882.6875
1921,120707.2109375
1922,131933.5625
1923,174114.078125
1924,147438.765625
1925,206862.984375
1926,128231.796875
1927,158265.484375
1928,191594.8125
1929,139368.125
1930,296607.90625
1931,173435.953125
1932,181981.96875
1933,199293.328125
1934,110100.4609375
1935,166758.015625
1936,129279.734375
1937,210097.828125
1938,110904.7265625
1939,197898.328125
1940,131567.4375
1941,116580.984375
1942,149512.359375
1943,159739.234375
1944,171999.53125
1945,148403.375
1946,168015.53125
1947,186814.96875
1948,119518.4453125
1949,169244.5625
1950,123046.6328125
1951,173392.75
1952,327380.1875
1953,177767.203125
1954,125763.7109375
1955,144881.6875
1956,217396.515625
1957,181611.546875
1958,177989.78125
1959,184686.390625
1960,110486.1328125
1961,183413.625
1962,176468.21875
1963,173590.453125
1964,141001.3125
1965,121469.0546875
1966,89862.984375
1967,152268.28125
1968,183643.453125
1969,182490.203125
1970,176174.640625
1971,155130.65625
1972,223331.25
1973,227874.046875
1974,143539.140625
1975,177158.359375
1976,108603.640625
1977,160583.71875
1978,206068.921875
1979,120065.5
1980,153434.4375
1981,175073.4375
1982,113468.1953125
1983,187753.65625
1984,194490.140625
1985,131853.4375
1986,249233.453125
1987,133450.09375
1988,188389.859375
1989,161191.828125
1990,174392.609375
1991,132906.40625
1992,142259.09375
1993,166804.234375
1994,140972.84375
1995,169217.53125
1996,263242.46875
1997,163269.09375
1998,215778.890625
1999,150748.046875
2000,169754.984375
2001,231559.25
2002,271829.25
2003,276143.6875
2004,118986.8203125
2005,147676.09375
2006,276855.5625
2007,136134.4375
2008,189057.078125
2009,183007.3125
2010,132338.625
2011,185931.703125
2012,252243.875
2013,146701.046875
2014,193788.515625
2015,172557.375
2016,257317.9375
2017,141613.828125
2018,151444.453125
2019,187893.34375
2020,162520.734375
2021,119572.875
2022,138977.109375
2023,191848.1875
2024,211364.8125
2025,281858.34375
2026,184134.609375
2027,186287.765625
2028,139220.375
2029,146539.5625
2030,113428.140625
2031,148835.65625
2032,238314.03125
2033,336060.34375
2034,207547.265625
2035,163973.796875
2036,171549.09375
2037,163543.625
2038,124369.109375
2039,126854.6328125
2040,129409.9140625
2041,100712.875
2042,211353.359375
2043,186696.984375
2044,153876.859375
2045,179983.59375
2046,143526.25
2047,142115.5
2048,151140.453125
2049,165887.0625
2050,125702.8203125
2051,232504.75
2052,143413.71875
2053,258934.8125
2054,201392.015625
2055,240972.953125
2056,236732.65625
2057,148703
2058,140179.953125
2059,155734.015625
2060,186446.53125
2061,193376.9375
2062,206660.59375
2063,165255.265625
2064,155920.828125
2065,167970.28125
2066,147619.5625
2067,203206.09375
2068,203302.15625
2069,114165.703125
2070,185439.96875
2071,173161.421875
2072,233683.046875
2073,150278.953125
2074,129150.421875
2075,150035.875
2076,154578.21875
2077,200290.703125
2078,154979.765625
2079,137526.21875
2080,216065.96875
2081,153093.21875
2082,193895.59375
2083,175353.96875
2084,286315.34375
2085,218814.5625
2086,199307.4375
2087,199094.265625
2088,150722.34375
2089,156421.734375
2090,232795.71875
2091,124162.9453125
2092,217576.578125
2093,120348.578125
2094,192209.203125
2095,147297.890625
2096,142493.859375
2097,157251.046875
2098,163396.203125
2099,146170.109375
2100,197732.84375
2101,149324.03125
2102,217593.765625
2103,228862.59375
2104,167347.328125
2105,181830.078125
2106,264294.5625
2107,173485.015625
2108,189723.890625
2109,212616.6875
2110,204494.828125
2111,121556.578125
2112,160031.359375
2113,137808.328125
2114,118618.8828125
2115,253405.0625
2116,121605.203125
2117,208729.578125
2118,152240.1875
2119,144197.203125
2120,187145.515625
2121,139589.65625
2122,138883.203125
2123,146819.59375
2124,190945.1875
2125,172247.15625
2126,256559.734375
2127,110988.9375
2128,206158.328125
2129,208697.109375
2130,196277.640625
2131,165392.90625
2132,144481.734375
2133,230184.015625
2134,188829.59375
2135,192308.65625
2136,236815.140625
2137,151970.65625
2138,173840.421875
2139,189108.671875
2140,154648.046875
2141,212304.9375
2142,204055.078125
2143,183113.796875
2144,178487.03125
2145,190503.9375
2146,156998.15625
2147,180441.203125
2148,243207.84375
2149,152494.578125
2150,229482.46875
2151,172814.515625
2152,151567.578125
2153,175065.296875
2154,202434.171875
2155,154291.1875
2156,187070.265625
2157,190561.34375
2158,181630.109375
2159,216305.796875
2160,130236.9140625
2161,124011.8984375
2162,240492.234375
2163,149082.625
2164,116894.3671875
2165,178694.125
2166,175441.5625
2167,166027.1875
2168,153316.96875
2169,199090.796875
2170,245130.03125
2171,181077.4375
2172,233090.265625
2173,186805.390625
2174,109996.078125
2175,152070.578125
2176,126807.90625
2177,186430.140625
2178,164058.203125
2179,184747.265625
2180,173280.875
2181,181753.46875
2182,143815.046875
2183,185560.265625
2184,191754.984375
2185,177255.046875
2186,108937.75
2187,241053.578125
2188,159628.15625
2189,168243.53125
2190,160869.859375
2191,192888.375
2192,158794.453125
2193,138251.375
2194,227646.5625
2195,142622.828125
2196,193219.609375
2197,160467.140625
2198,160486.015625
2199,207978.78125
2200,219820.875
2201,189926.640625
2202,155459.96875
2203,169777.734375
2204,157544.328125
2205,150526.53125
2206,164065.375
2207,187757.28125
2208,134971.890625
2209,150479.90625
2210,148416.03125
2211,180836.34375
2212,259231.265625
2213,179624.984375
2214,152061.53125
2215,205590.4375
2216,178871.484375
2217,176782.890625
2218,180553.953125
2219,135926.84375
2220,125967.453125
2221,153539.8125
2222,196662.09375
2223,146531.09375
2224,216904.015625
2225,143438.3125
2226,191487.484375
2227,209853.125
2228,116340.5234375
2229,178415.53125
2230,195998.71875
2231,247337.296875
2232,129078.3359375
2233,172992.28125
2234,196612.59375
2235,166395.5625
2236,149699.421875
2237,238641.328125
2238,139925.078125
2239,129311.9453125
2240,179442.65625
2241,133445.4375
2242,247331.234375
2243,185121.578125
2244,139417.9375
2245,170401.25
2246,151914.484375
2247,188964.8125
2248,152228.84375
2249,220003.21875
2250,217459.390625
2251,149880.625
2252,165201.34375
2253,123262.96875
2254,238252.515625
2255,114858.7578125
2256,194432.703125
2257,226458.828125
2258,183939.359375
2259,170339.375
2260,178899.53125
2261,155239.453125
2262,203986.109375
2263,226185.390625
2264,199807.453125
2265,138007.015625
2266,199075.734375
2267,188396.671875
2268,169075.484375
2269,173214.625
2270,189946.96875
2271,157612.59375
2272,169723.0625
2273,134490.109375
2274,202522.71875
2275,158867.28125
2276,189130.109375
2277,128282.3984375
2278,180350.90625
2279,169905.3125
2280,173550.90625
2281,168419.78125
2282,141566.015625
2283,218834.0625
2284,313529.625
2285,180728.390625
2286,105034.8203125
2287,159848.28125
2288,166674.21875
2289,167406.6875
2290,222377.265625
2291,191354.578125
2292,249507.734375
2293,226862.40625
2294,155045.546875
2295,216300.546875
2296,116063.3671875
2297,140141.25
2298,172793.578125
2299,158053
2300,134432.234375
2301,160910.828125
2302,130630.3828125
2303,258330.609375
2304,231251.15625
2305,192735.375
2306,187729.578125
2307,188087.25
2308,169124.09375
2309,184526.953125
2310,131076.96875
2311,236646.125
2312,220892.1875
2313,206666.625
2314,193539.125
2315,136641.15625
2316,187446.84375
2317,114708.2890625
2318,212019.1875
2319,202912.03125
2320,135716.015625
2321,173787.484375
2322,126724.9921875
2323,148160.734375
2324,126015.6640625
2325,181686.0625
2326,172043.5625
2327,284003.28125
2328,206885.9375
2329,171246.1875
2330,211842.90625
2331,171943.75
2332,164374.828125
2333,153515.875
2334,194999.6875
2335,110852.15625
2336,206592.515625
2337,117403.296875
2338,128909.5859375
2339,126105.90625
2340,330968.71875
2341,158995.40625
2342,163072.265625
2343,166855.6875
2344,186137.59375
2345,176147.9375
2346,221013.484375
2347,212983.953125
2348,148283.125
2349,179549.6875
2350,166384.734375
2351,184384.609375
2352,126358.359375
2353,267201.78125
2354,180961.875
2355,163618.0625
2356,139313.109375
2357,151463.703125
2358,222455.125
2359,140909.90625
2360,144214.265625
2361,126955.3203125
2362,210766.0625
2363,182935.265625
2364,156316.28125
2365,142233.59375
2366,175125.5625
2367,175478.21875
2368,145291.453125
2369,131687.78125
2370,144578.328125
2371,177805.6875
2372,199804.5
2373,121234.875
2374,157630.171875
2375,141860.375
2376,171964.40625
2377,221816.546875
2378,148355
2379,89881.5
2380,199239.875
2381,184019.109375
2382,182751.859375
2383,165542.28125
2384,144025.484375
2385,131188.40625
2386,232027.953125
2387,112640.765625
2388,175934.484375
2389,148880.328125
2390,128818.625
2391,112798.1953125
2392,204293.6875
2393,155706.375
2394,155715.1875
2395,136945.578125
2396,221210.5625
2397,231086.984375
2398,177772.59375
2399,202364.671875
2400,166690.015625
2401,172733.796875
2402,167100.234375
2403,151651.796875
2404,185788.328125
2405,195424.296875
2406,164225.359375
2407,130390.1171875
2408,129594.1171875
2409,199546.453125
2410,157458.359375
2411,161278
2412,184584.609375
2413,110544.1640625
2414,159584.375
2415,202408.71875
2416,168863.734375
2417,168097.703125
2418,146923.34375
2419,244917.703125
2420,186836.734375
2421,135239.53125
2422,138008.375
2423,180905.171875
2424,152799.046875
2425,144173.359375
2426,177227.984375
2427,200067.890625
2428,156137.09375
2429,145486.109375
2430,196929.84375
2431,177914.140625
2432,116516.7265625
2433,154435.984375
2434,174295.28125
2435,167576.59375
2436,202337.875
2437,130352.8359375
2438,215617.59375
2439,151701.5
2440,117938.2265625
2441,141576.046875
2442,157485.765625
2443,164047.359375
2444,112116.3359375
2445,156211.21875
2446,249415.40625
2447,170619.40625
2448,212417.234375
2449,152736.40625
2450,126794.921875
2451,185865.578125
2452,241939.328125
2453,264532.5625
2454,179562.03125
2455,122095.8671875
2456,101169.7265625
2457,141436.28125
2458,133739.625
2459,153519.890625
2460,216197.734375
2461,132874.390625
2462,201639.828125
2463,132648.84375
2464,184199.828125
2465,170986.84375
2466,82965.1953125
2467,125529.9453125
2468,150111.875
2469,122644.0546875
2470,177998.6875
2471,154804.21875
2472,190307.296875
2473,208803.96875
2474,121281.8125
2475,142582.3125
2476,170379.140625
2477,194016.8125
2478,154748.484375
2479,175753.625
2480,215366.140625
2481,142477.484375
2482,216194.09375
2483,185267.25
2484,185463.171875
2485,230944.703125
2486,201393.34375
2487,166009.078125
2488,164233.40625
2489,155481.46875
2490,199281
2491,217472.765625
2492,170887.234375
2493,311799.9375
2494,177192.515625
2495,120151.7265625
2496,160116.5625
2497,154992.96875
2498,167924.171875
2499,123272.625
2500,115868.65625
2501,133506.75
2502,176835.375
2503,157694
2504,179395.765625
2505,210495.15625
2506,171091.609375
2507,220646.40625
2508,165896.28125
2509,172326.796875
2510,182841.859375
2511,165959.59375
2512,208190.546875
2513,113253.3125
2514,156277.65625
2515,144192.75
2516,159178.140625
2517,150363.140625
2518,257156.015625
2519,244269.90625
2520,147205.546875
2521,180806.4375
2522,170079.59375
2523,152100.59375
2524,244095.9375
2525,159495.265625
2526,181609.078125
2527,240851.375
2528,202273.78125
2529,175025.765625
2530,154758.09375
2531,127603.546875
2532,218777.6875
2533,164125.78125
2534,182945.765625
2535,189153.546875
2536,222375.328125
2537,187575.53125
2538,134651.5625
2539,166877.109375
2540,138991.078125
2541,144955.75
2542,170696.796875
2543,176139.75
2544,184767.921875
2545,171298.953125
2546,164603.015625
2547,180220.609375
2548,151418.59375
2549,152247.28125
2550,175662.21875
2551,130149.6328125
2552,162490.171875
2553,129197.7109375
2554,160130.625
2555,176187.15625
2556,120358.1796875
2557,154194.78125
2558,151488.09375
2559,163151.953125
2560,128148.375
2561,172794.828125
2562,208605.171875
2563,164776.265625
2564,213940.1875
2565,115409.4140625
2566,128810.8515625
2567,145313.75
2568,115666.59375
2569,215492.171875
2570,161468.328125
2571,194515.359375
2572,122142.9296875
2573,148964.234375
2574,220518.328125
2575,114891.09375
2576,136183.1875
2577,133010.78125
2578,187302.109375
2579,187097.328125
2580,162180.890625
2581,171628.125
2582,218873.984375
2583,154817.421875
2584,153137.765625
2585,155078.609375
2586,122158.1953125
2587,161764.609375
2588,185714.6875
2589,145935.703125
2590,168151.921875
2591,145848.53125
2592,128058.390625
2593,230686.40625
2594,206330
2595,147343.265625
2596,179041.203125
2597,162087.34375
2598,161953.59375
2599,175593.046875
2600,138601.328125
2601,198515.84375
2602,130716.453125
2603,150497.578125
2604,184501.078125
2605,156037.09375
2606,163332.4375
2607,191537.671875
2608,210715.25
2609,217730.65625
2610,273312.90625
2611,171319.65625
2612,117836.2265625
2613,174030.234375
2614,160091
2615,171716.3125
2616,153922.59375
2617,142215.890625
2618,164295.28125
2619,166511.96875
2620,126524.796875
2621,141893.140625
2622,209381.609375
2623,169562.3125
2624,247817.015625
2625,215497.5625
2626,132141.6875
2627,273373.6875
2628,109109.921875
2629,182239.671875
2630,184316.984375
2631,191991
2632,221100.375
2633,141719.15625
2634,188158.3125
2635,136634.046875
2636,159471.40625
2637,134374.34375
2638,150388.1875
2639,162752.234375
2640,152929.3125
2641,180321.984375
2642,146752.0625
2643,183480.859375
2644,158160.28125
2645,230244.328125
2646,152201.1875
2647,214659
2648,168256.953125
2649,199721.5625
2650,175393.890625
2651,182800.421875
2652,175467.4375
2653,186421.9375
2654,195259.1875
2655,149094.46875
2656,141801.84375
2657,207330.046875
2658,178353.5625
2659,201684.515625
2660,167109.703125
2661,176583.890625
2662,201215.796875
2663,130064.7265625
2664,212203.390625
2665,204625.5625
2666,146840.03125
2667,156919.578125
2668,143952.171875
2669,241098.015625
2670,145356.78125
2671,120877.8046875
2672,134979.125
2673,186387.734375
2674,129911.1484375
2675,135931.03125
2676,163157.28125
2677,199048.671875
2678,173604.53125
2679,250395.65625
2680,175994.21875
2681,141830.015625
2682,194550.125
2683,149042.6875
2684,103087.9765625
2685,128132.03125
2686,178033.609375
2687,204545.171875
2688,208601.125
2689,175850.59375
2690,123641.296875
2691,133727.734375
2692,120841.28125
2693,132669.84375
2694,193847.21875
2695,188148.03125
2696,157137.65625
2697,232433.46875
2698,159356.046875
2699,164449.1875
2700,260909.203125
2701,154537.265625
2702,136036.609375
2703,134835.859375
2704,223375.765625
2705,191220.4375
2706,227461.125
2707,131255.375
2708,161804.734375
2709,166075.359375
2710,140498.625
2711,230034.6875
2712,133157.03125
2713,207158.890625
2714,187573.703125
2715,174013.140625
2716,177177.953125
2717,122225.2109375
2718,168384.234375
2719,168749.40625
2720,171437.234375
2721,208479.75
2722,139710.53125
2723,190838.859375
2724,186086.03125
2725,167347.296875
2726,192266.515625
2727,204841.890625
2728,340639.96875
2729,142744.234375
2730,234546.625
2731,157959
2732,269038.96875
2733,170589.703125
2734,233988.6875
2735,144825.65625
2736,153637.09375
2737,175746.828125
2738,145381.59375
2739,151049.6875
2740,180927.234375
2741,130795.859375
2742,165514.25
2743,142166.28125
2744,119343.875
2745,168452.421875
2746,194498.359375
2747,179231.34375
2748,177974.28125
2749,216007.046875
2750,137660.015625
2751,187955.828125
2752,111811.5625
2753,178640.765625
2754,124088.90625
2755,159834.875
2756,264641.75
2757,167288.078125
2758,144089.296875
2759,178691.21875
2760,168921.046875
2761,164445.109375
2762,174755.90625
2763,106818.2734375
2764,180832.15625
2765,155625.046875
2766,152041.84375
2767,243774.984375
2768,150124.53125
2769,193589.9375
2770,164195.5625
2771,172607.546875
2772,168327.015625
2773,184814.546875
2774,161210.796875
2775,131288.078125
2776,118891.8203125
2777,177289.1875
2778,185902.546875
2779,145196.28125
2780,139277.234375
2781,186346.265625
2782,119822.796875
2783,124824.171875
2784,161168.359375
2785,149690.828125
2786,217336.234375
2787,167853.453125
2788,169083.828125
2789,247253.1875
2790,192098.421875
2791,117267.21875
2792,156021.703125
2793,187395.140625
2794,165619.4375
2795,143014.921875
2796,258430.15625
2797,126853.671875
2798,182616.84375
2799,175767.453125
2800,196063.171875
2801,153056.75
2802,138037.265625
2803,207704.328125
2804,200770.4375
2805,154521.859375
2806,117111.328125
2807,205736.578125
2808,165985.078125
2809,127292.8203125
2810,132416.609375
2811,169271.546875
2812,232318.625
2813,198316.171875
2814,183025.65625
2815,235952.75
2816,173311.609375
2817,243056.546875
2818,148896.421875
2819,146566.734375
2820,326119.03125
2821,158000.21875
2822,166399.21875
2823,152163.109375
2824,210399.375
2825,164898.265625
2826,130204.2578125
2827,120018.5234375
2828,154423.46875
2829,133926
2830,208582
2831,175207.421875
2832,144684.828125
2833,153159.328125
2834,194224.96875
2835,148304.609375
2836,203292.6875
2837,262304.5625
2838,168698.375
2839,178710.140625
2840,136467.421875
2841,129483.5546875
2842,178450.703125
2843,166789.53125
2844,197086.9375
2845,118639.109375
2846,247083.984375
2847,195876.78125
2848,204286.875
2849,106760.96875
2850,181533.71875
2851,147214.9375
2852,124637.828125
2853,179367.078125
2854,182913.140625
2855,163808.578125
2856,274791.9375
2857,158846.1875
2858,224857.40625
2859,133628.390625
2860,164745.625
2861,174513.75
2862,173275.53125
2863,157141.125
2864,201822.75
2865,251712.015625
2866,186053.484375
2867,150515.234375
2868,170922.046875
2869,118512.6328125
2870,143743.8125
2871,166795.046875
2872,167548.484375
2873,132841.640625
2874,139092.609375
2875,245543.4375
2876,130107.6796875
2877,139570.828125
2878,147351.828125
2879,166884.15625
2880,238772.765625
2881,118086.34375
2882,148187.84375
2883,220432.265625
2884,244776.640625
2885,126971.96875
2886,203826.296875
2887,204861.25
2888,202808.640625
2889,136243.0625
2890,143790.65625
2891,146784.65625
2892,158980.390625
2893,226355.796875
2894,135663.4375
2895,205383.234375
2896,156361.078125
2897,133675.8125
2898,202993.71875
2899,195568.921875
2900,142429.53125
2901,140589.75
2902,151487.375
2903,323959.9375
2904,177607.71875
2905,147025.359375
2906,233720.734375
2907,139884.9375
2908,197439.859375
2909,185519.140625
2910,191833.28125
2911,160375.21875
2912,146257.53125
2913,199312.53125
2914,196763.953125
2915,155095.734375
2916,236265.1875
2917,162658.71875
2918,126162.3828125
2919,175114.109375
2920,187367.25
2921,273044.3125
2922,232647.75
2923,196194.96875
2924,171722.71875
2925,221247.40625
2926,172893.34375
2927,131598.078125
2928,193583.109375
2929,133135.65625
2930,156271.3125
2931,182230.921875
2932,230145.359375
2933,159362.890625
2934,211985.6875
2935,130833.546875
2936,230713.359375
2937,192797.515625
2938,153315.109375
2939,164876.578125
2940,223530.5
2941,168220.875
2942,166118.96875
2943,164206.359375
2944,189175.578125
2945,205855.546875
2946,164872.875
2947,172181.5625
2948,147732.796875
2949,160107.796875
2950,125393.7890625
2951,134402.09375
2952,148221
2953,188549.140625
2954,197912.828125
2955,206599.625
2956,270513.84375
2957,160404.515625
2958,277662.40625
2959,167502.1875
2960,123320.1640625
2961,148616
2962,152942.328125
2963,184362.40625
2964,309928.375
2965,120970.2109375
2966,168710.078125
2967,133958.578125
2968,155847.9375
2969,278453
2970,164594.453125
2971,154148.078125
2972,208140.921875
2973,203218.578125
2974,178265.203125
2975,179057.703125
2976,196908.828125
2977,172293.84375
2978,165281.546875
2979,178331.546875
2980,139714.5625
2981,165037.34375
2982,141670.703125
2983,227722.0625
2984,122748.078125
2985,139580.453125
2986,138987
2987,168440.109375
2988,134545.140625
2989,127604.203125
2990,137469.609375
2991,157708.421875
2992,141454.875
2993,127116.4140625
2994,168426.546875
2995,244476.453125
2996,174623.421875
2997,124047.3828125
2998,140800.8125
2999,166115.640625
3000,133924.171875
3001,187999.921875
3002,170259.734375
3003,164305.984375
3004,149408.640625
3005,193873.171875
3006,203832.296875
3007,116868.1875
3008,143718.640625
3009,179732.78125
3010,187867.609375
3011,202760.015625
3012,114751.875
3013,110928.9140625
3014,311007.09375
3015,119043.1953125
3016,209361.5
3017,170214.53125
3018,178870.09375
3019,151842.921875
3020,205172.578125
3021,133360.65625
3022,183630.984375
3023,120713.890625
3024,144826.859375
3025,143389.25
3026,132685.03125
3027,120558.5703125
3028,145078.5
3029,154394.796875
3030,147950.5
3031,156058.734375
3032,258500.6875
3033,235259.578125
3034,132971.3125
3035,111064.6015625
3036,197629.828125
3037,102854
3038,172819.34375
3039,137907.375
3040,165431.5
3041,150782.296875
3042,209265.125
3043,146886.9375
3044,156928.765625
3045,175036.109375
3046,169475.375
3047,169336.9375
3048,183906.15625
3049,134862.265625
3050,202619.171875
3051,181078.15625
3052,188513.28125
3053,147613.390625
3054,194002.46875
3055,150699.8125
3056,175906.453125
3057,216239.078125
3058,159592.046875
3059,206410.75
3060,180398.125
3061,223841.6875
3062,137780.96875
3063,178524.625
3064,235062.6875
3065,191418.796875
3066,133157.578125
3067,121353.359375
3068,145858.046875
3069,228247.25
3070,146288.765625
3071,182314.21875
3072,176374.015625
3073,181534.140625
3074,156114.71875
3075,174387.875
3076,130244.84375
3077,100811.71875
3078,140082.46875
3079,115406.546875
3080,136419
3081,135348.4375
3082,145216.90625
3083,178542.3125
3084,229705.0625
3085,220264.375
3086,219911.953125
3087,125606.265625
3088,151452.703125
3089,203001.40625
3090,163535.171875
3091,141770.671875
3092,103015.2578125
3093,200063
3094,177914.265625
3095,164009.078125
3096,153335.515625
3097,144203.421875
3098,178170.84375
3099,116609.578125
3100,129218.0234375
3101,150463.40625
3102,171486.078125
3103,140417.921875
3104,138429.34375
3105,187450.1875
3106,171038.6875
3107,184588.921875
3108,154925.8125
3109,124786.203125
3110,143360.25
3111,183180.203125
3112,202372.125
3113,131435.296875
3114,260620.03125
3115,185612.671875
3116,135454
3117,151166.453125
3118,177852.71875
3119,184955.34375
3120,126538.328125
3121,174301.921875
3122,180543.21875
3123,216208.5
3124,176070.609375
3125,177888.796875
3126,203007.65625
3127,149704.15625
3128,185898.96875
3129,121238.953125
3130,165065.53125
3131,190431.578125
3132,182658.96875
3133,159673.140625
3134,188097.015625
3135,145554.203125
3136,125561.796875
3137,254657.96875
3138,154486.359375
3139,143139.9375
3140,163050.609375
3141,170739.5625
3142,170634.140625
3143,207752.828125
3144,212272.34375
3145,233421.65625
3146,158776
3147,137750.25
3148,132671.65625
3149,127937.515625
3150,210471.4375
3151,176846.609375
3152,224915.015625
3153,214075.71875
3154,171091.171875
3155,178951.546875
3156,173217.609375
3157,192863.234375
3158,231882.1875
3159,160472.75
3160,177866.234375
3161,220752.34375
3162,147956.546875
3163,271589.78125
3164,201060.484375
3165,171150.21875
3166,211158.078125
3167,204718.90625
3168,159082.359375
3169,139580.296875
3170,124869.4296875
3171,132331.671875
3172,163407.09375
3173,208124.40625
3174,220736.140625
3175,146720.1875
3176,189522.09375
3177,276238.6875
3178,207622.21875
3179,192933.0625
3180,184864.140625
3181,166946.984375
3182,170097.1875
3183,156551.390625
3184,160673.984375
3185,303117.15625
3186,190607.640625
3187,189352.84375
3188,133865.21875
3189,155591.53125
3190,139610.640625
3191,194871.984375
3192,129368.2578125
3193,173128.25
3194,153500.3125
3195,176742.578125
3196,243516.234375
3197,179643.59375
3198,135469.5625
3199,174526.6875
3200,228220.71875
3201,135398.1875
3202,190262.8125
3203,158417.921875
3204,160906.296875
3205,121549.84375
3206,164322.859375
3207,142166.28125
3208,103347.4765625
3209,168888.5625
3210,152366.15625
3211,180949.078125
3212,176556.453125
3213,148897.625
3214,190302.4375
3215,178866.140625
3216,166115.46875
3217,247529.65625
3218,204204.0625
3219,123170.8203125
3220,125006.390625
3221,124805.7109375
3222,175312.21875
3223,190361.1875
3224,146621.9375
3225,179786.96875
3226,130084.546875
3227,152184.625
3228,254829.9375
3229,124073.078125
3230,261876.34375
3231,156242.625
3232,175738.265625
3233,153364.65625
3234,141508.953125
3235,152766.765625
3236,173665.90625
3237,177958.078125
3238,179821.859375
3239,167742.1875
3240,145266.734375
3241,170153.375
3242,123544.8515625
3243,113062.5078125
3244,118620.9765625
3245,236676.5625
3246,264165.65625
3247,203856.171875
3248,161725.78125
3249,164515.703125
3250,197703.671875
3251,277422
3252,190492.390625
3253,119517.515625
3254,156287.671875
3255,199632.71875
3256,199596.875
3257,319831.09375
3258,206958.046875
3259,195881.9375
3260,177802.03125
3261,204196.90625
3262,289626.125
3263,139791.109375
3264,171567.234375
3265,165800.453125
3266,185784.1875
3267,131603.5625
3268,110757.046875
3269,168800.734375
3270,235861.875
3271,195420.671875
3272,143520.8125
3273,172390.171875
3274,140123.015625
3275,217643.953125
3276,198427.125
3277,169362.234375
3278,151236.21875
3279,220583.1875
3280,176559.3125
3281,207292.640625
3282,199296.5625
3283,164821.34375
3284,185933.875
3285,131324.09375
3286,189411.515625
3287,152525.359375
3288,146596.484375
3289,196651.515625
3290,149163.328125
3291,213331.453125
3292,167224.765625
3293,141962.375
3294,160710.328125
3295,152668.640625
3296,138623.734375
3297,188641.515625
3298,153788.875
3299,177709.84375
3300,175704.25
3301,127424.0703125
3302,142435.234375
3303,248273.234375
3304,147100.140625
3305,162360.34375
3306,161828.53125
3307,152485.90625
3308,190990.6875
3309,201302.59375
3310,170082.875
3311,250006.90625
3312,152917.359375
3313,183956.703125
3314,161192.59375
3315,164406.5
3316,241023.421875
3317,194754.015625
3318,198219.34375
3319,119880.7109375
3320,233725.9375
3321,244235.890625
3322,145846.65625
3323,122236.484375
3324,222437.484375
3325,138180.28125
3326,190025.1875
3327,296386.6875
3328,132024.4375
3329,254599.25
3330,175496.40625
3331,199367.984375
3332,168375.40625
3333,147289.28125
3334,141669.59375
3335,178348.53125
3336,138289.921875
3337,149788.25
3338,185049.6875
3339,156039.5625
3340,180823.125
3341,243505.484375
3342,161512.515625
3343,158051.21875
3344,167860.671875
3345,128854.984375
3346,210952.578125
3347,132377.84375
3348,210200.671875
3349,219517.796875
3350,132653.390625
3351,222896.34375
3352,165075.109375
3353,110802.875
3354,173986.34375
3355,155825.625
3356,126095.6484375
3357,151403.390625
3358,196192.5
3359,208386.296875
3360,169399.09375
3361,165334.53125
3362,201832.421875
3363,184660.375
3364,206340.53125
3365,214175.640625
3366,120440.6015625
3367,182146.1875
3368,166817.5
3369,171557.28125
3370,184829.40625
3371,126569.53125
3372,98518.65625
3373,245730.4375
3374,159039.5
3375,100288.8125
3376,182913.84375
3377,192065.890625
3378,155187.609375
3379,135678.296875
3380,179847.5
3381,101920.4765625
3382,157268.96875
3383,187174.09375
3384,245375.21875
3385,122555.96875
3386,197600.59375
3387,121716.3828125
3388,97800.4765625
3389,156454.484375
3390,175696.28125
3391,182744.15625
3392,112164.671875
3393,107591.125
3394,180326.890625
3395,170488.359375
3396,180892.265625
3397,136393.421875
3398,194469.21875
3399,174147.75
3400,129490.5703125
3401,173556.5625
3402,154854.296875
3403,151505.765625
3404,225092.203125
3405,175806.375
3406,161916.078125
3407,151412.875
3408,170222.671875
3409,269116.6875
3410,165040.0625
3411,298975.09375
3412,151685.25
3413,198022.671875
3414,179326
3415,166925.453125
3416,175870.78125
3417,159547.15625
3418,155043.953125
3419,165148.640625
3420,154920.359375
3421,162860.703125
3422,183642.734375
3423,161109.375
3424,186840.234375
3425,178944.5
3426,128433.59375
3427,177192.59375
3428,176983.015625
3429,165778.921875
3430,192505.09375
3431,140876.125
3432,168338.078125
3433,160323.140625
3434,205636.609375
3435,171946.390625
3436,119928.3125
3437,165545.59375
3438,100162.25
3439,180079.015625
3440,187024.359375
3441,125487.8125
3442,163437.671875
3443,212715.171875
3444,116392.0234375
3445,273531.46875
3446,182871.828125
3447,240068.5625
3448,154172.6875
3449,131080.234375
3450,186369.375
3451,144472.484375
3452,142065.125
3453,190946.46875
3454,137809.828125
3455,130425.40625
3456,205623.453125
3457,196482.546875
3458,199579.0625
3459,115619.859375
3460,150786.90625
3461,162384.375
3462,134290.28125
3463,190150.984375
3464,165073.59375
3465,141735.0625
3466,194465.125
3467,194903.84375
3468,168718.484375
3469,155155.75
3470,138486.53125
3471,118716.4140625
3472,224139.5625
3473,232197.328125
3474,207555.234375
3475,142868.921875
3476,122158.546875
3477,139528.140625
3478,136608.796875
3479,207109.203125
3480,123888.4375
3481,273060.875
3482,177077.71875
3483,153413.125
3484,129453.6171875
3485,178510.8125
3486,212697.046875
3487,140315.78125
3488,129290.3515625
3489,182137.828125
3490,176129.25
3491,179011.890625
3492,161592.3125
3493,121701.0234375
3494,229732.78125
3495,192073.921875
3496,195876.1875
3497,156570.609375
3498,216984.328125
3499,185730.109375
3500,117635.46875
3501,174048.625
3502,139710.96875
3503,143356.203125
3504,189918.5625
3505,183911.65625
3506,182080.46875
3507,153699.09375
3508,187913.046875
3509,144997.734375
3510,222866.15625
3511,139964.421875
3512,123450.171875
3513,159396.375
3514,108737.5390625
3515,159122.1875
3516,189083.53125
3517,190109.453125
3518,167279.421875
3519,176718.171875
3520,167324.921875
3521,168900.6875
3522,201103.671875
3523,196332.0625
3524,195201.515625
3525,117144.6328125
3526,172185.953125
3527,191363.375
3528,124334.5234375
3529,114700.2890625
3530,267965.15625
3531,150705.03125
3532,175482.671875
3533,183661.046875
3534,176826.203125
3535,181791.1875
3536,195321.171875
3537,158209.34375
3538,130274.4765625
3539,143796.0625
3540,150514.609375
3541,171223.484375
3542,240579.25
3543,132358.21875
3544,174588.234375
3545,205815.625
3546,154024.765625
3547,183231.484375
3548,153648.28125
3549,173571.671875
3550,197107.875
3551,282899.4375
3552,142422.78125
3553,161879.8125
3554,156589.953125
3555,199012.265625
3556,239602.640625
3557,136684.4375
3558,154097.90625
3559,183893.140625
3560,109230.65625
3561,159420.296875
3562,145420.34375
3563,134456.296875
3564,157419.921875
3565,192466
3566,119865.234375
3567,142113.484375
3568,173792.671875
3569,115742.4296875
3570,139589.484375
3571,150153.453125
3572,185502.484375
3573,174181.953125
3574,197201.140625
3575,160235.25
3576,140924.234375
3577,137264.125
3578,165882.421875
3579,152218.109375
3580,259717.9375
3581,190772.96875
3582,222561.59375
3583,169707.09375
3584,219290.671875
3585,206800.578125
3586,161752.734375
3587,139240.140625
3588,165402.71875
3589,178015.828125
3590,115213.59375
3591,253390.734375
3592,211657.796875
3593,147841.296875
3594,180574.421875
3595,145015.375
3596,149987.65625
3597,185068.25
3598,276013.46875
3599,163751.71875
3600,245881.640625
3601,112554.5078125
3602,145157.296875
3603,166930.046875
3604,139790.34375
3605,222168.515625
3606,152080.296875
3607,246156.328125
3608,104651.5546875
3609,244408.390625
3610,151930.59375
3611,177344.203125
3612,204507.578125
3613,216659.15625
3614,184975.5625
3615,165890.109375
3616,160035.890625
3617,214797.296875
3618,188561.5
3619,120469.5703125
3620,192818.5625
3621,140912.765625
3622,192818.75
3623,157509.078125
3624,211887.484375
3625,191281.453125
3626,189578.09375
3627,155656.46875
3628,128678.3984375
3629,136141.90625
3630,166888.390625
3631,156797.640625
3632,143289.765625
3633,143966.5
3634,160403.328125
3635,175112.90625
3636,149239.296875
3637,209756.890625
3638,111800.4765625
3639,138744.546875
3640,145316.0625
3641,147020.90625
3642,140105.765625
3643,165320.609375
3644,119714.640625
3645,185400.421875
3646,149804.984375
3647,238781.40625
3648,129104.4140625
3649,224026.90625
3650,144493.125
3651,123677.4921875
3652,159036.328125
3653,149515.484375
3654,139427.96875
3655,161000.640625
3656,143039.515625
3657,227879.34375
3658,155798.40625
3659,229413.953125
3660,110692.1875
3661,258255.375
3662,194812.515625
3663,137339.953125
3664,180002.625
3665,138835.203125
3666,192039.140625
3667,217612.59375
3668,173220.390625
3669,153320.25
3670,184284.15625
3671,153975.109375
3672,212167.796875
3673,226792.515625
3674,168516.1875
3675,134266.5625
3676,166392.234375
3677,148761.703125
3678,179051.390625
3679,191883.75
3680,253366.6875
3681,188095.796875
3682,156687.765625
3683,170101.28125
3684,160300.28125
3685,152651.234375
3686,143051.25
3687,254866.140625
3688,146654.125
3689,123844.984375
3690,253507.5625
3691,162272.953125
3692,124032.8046875
3693,198325.796875
3694,161257.046875
3695,150189.703125
3696,253177.46875
3697,103373
3698,151203.421875
3699,205177.40625
3700,170115.125
3701,231598.671875
3702,164123.609375
3703,178945.78125
3704,177104.15625
3705,237273.875
3706,137004.640625
3707,178270.453125
3708,158930.0625
3709,187611.78125
3710,120085.6953125
3711,137349.953125
3712,162328.3125
3713,279730.96875
3714,125029.25
3715,150164.078125
3716,142744.171875
3717,248831.9375
3718,139513.21875
3719,162204.25
3720,250499.3125
3721,169383.078125
3722,129668.15625
3723,160615.78125
3724,244034.609375
3725,148383.34375
3726,182963.09375
3727,130035.3984375
3728,169703.8125
3729,149286.0625
3730,186215.25
3731,140094.984375
3732,198642.953125
3733,116197.1796875
3734,168961.625
3735,153648.828125
3736,186145.390625
3737,162024.75
3738,217327.171875
3739,135964.0625
3740,162596.34375
3741,127292.7734375
3742,175770.609375
3743,142329.90625
3744,207363.0625
3745,192457.109375
3746,168408.71875
3747,156100.984375
3748,226445.15625
3749,288231.03125
3750,147073.5625
3751,152449.953125
3752,238283.171875
3753,182750.90625
3754,202899.609375
3755,169684.0625
3756,222589.46875
3757,165086.46875
3758,233506.671875
3759,211286.71875
3760,198858.828125
3761,190150.125
3762,186337.265625
3763,182387.375
3764,143409.65625
3765,162840.1875
3766,128504.5625
3767,146406.515625
3768,228904.84375
3769,219120.171875
3770,145368.734375
3771,123188.484375
3772,123291.984375
3773,182688.140625
3774,184222.296875
3775,136721.328125
3776,192146.875
3777,149488.4375
3778,277681.09375
3779,159208.703125
3780,129024.6953125
3781,223720.15625
3782,136999.09375
3783,224524.671875
3784,116338.5234375
3785,175636.125
3786,101019.03125
3787,275890.34375
3788,155527.609375
3789,233098.53125
3790,139923.296875
3791,192865.53125
3792,149722
3793,133484.328125
3794,162566.3125
3795,146139
3796,180538.640625
3797,149956.921875
3798,159994.453125
3799,146077.171875
3800,199046.234375
3801,132475.78125
3802,249538.046875
3803,169974.78125
3804,126317.1171875
3805,246334.96875
3806,180639.625
3807,162538.265625
3808,229081.046875
3809,151318.5625
3810,130279.4609375
3811,196480.578125
3812,194694.34375
3813,168986.5625
3814,151583.875
3815,154443.34375
3816,136106.703125
3817,127206.4296875
3818,137581.234375
3819,183871.390625
3820,133135.640625
3821,110087.515625
3822,176428.921875
3823,163929.8125
3824,98678.3046875
3825,152557.734375
3826,158681.75
3827,154903.6875
3828,187916.984375
3829,159329.953125
3830,157486.015625
3831,215525.484375
3832,168264.53125
3833,145583.46875
3834,134014.640625
3835,173508.109375
3836,223265.890625
3837,249273.34375
3838,163861.09375
3839,165214.078125
3840,158601.96875
3841,150574.046875
3842,153976.734375
3843,201919.03125
3844,148784.671875
3845,133693.421875
3846,141622.15625
3847,268164.65625
3848,120183.7421875
3849,183892.421875
3850,202233.078125
3851,159638.921875
3852,156326.515625
3853,114988.7265625
3854,171066.265625
3855,136513.171875
3856,159695.453125
3857,210558.453125
3858,147059.5625
3859,163898.96875
3860,183372.9375
3861,232037.234375
3862,215237.359375
3863,178185.171875
3864,171630.359375
3865,132317.109375
3866,107795.3828125
3867,157224.5625
3868,247087.4375
3869,248467.484375
3870,102922.2421875
3871,227470.15625
3872,143962.0625
3873,187008.421875
3874,226351.4375
3875,186201.4375
3876,211004.546875
3877,161140.546875
3878,199373.515625
3879,167412.796875
3880,190279.234375
3881,107148.9765625
3882,164094.359375
3883,160860.796875
3884,190383.59375
3885,209486.65625
3886,171345.03125
3887,120214.515625
3888,171178.53125
3889,183204.765625
3890,200718.015625
3891,150598.921875
3892,184231.109375
3893,213179.828125
3894,126562.484375
3895,177661.78125
3896,231522.234375
3897,212740.78125
3898,153634.328125
3899,154245.625
3900,188105.78125
3901,128741.3984375
3902,137363
3903,176107.09375
3904,227896.59375
3905,177871.4375
3906,165205.375
3907,137770.25
3908,162780.34375
3909,119088.3671875
3910,187616.015625
3911,160473.21875
3912,161408.515625
3913,202381.15625
3914,184325.3125
3915,121934.15625
3916,110362.2421875
3917,131810.96875
3918,153505.421875
3919,151935.421875
3920,241736.578125
3921,194381.625
3922,242502.046875
3923,137268.5625
3924,163113.953125
3925,114323.2265625
3926,183595.5
3927,94555.875
3928,158092.71875
3929,176423.734375
3930,184582.71875
3931,146348.78125
3932,126278.015625
3933,139316.984375
3934,175964.203125
3935,231601.796875
3936,285992.15625
3937,191559.859375
3938,128626.046875
3939,135191.140625
3940,199340.828125
3941,186660.515625
3942,192359.953125
3943,148028.828125
3944,159985.734375
3945,149310.046875
3946,101828.8984375
3947,144727.96875
3948,216368.140625
3949,184692.125
3950,211386.109375
3951,157129.703125
3952,159931.765625
3953,203126.0625
3954,189790.421875
3955,181378.5625
3956,144381.671875
3957,183757.5
3958,149706.03125
3959,219083.359375
3960,213349.25
3961,194390.171875
3962,133135.40625
3963,207446.34375
3964,161609.59375
3965,183204.078125
3966,137907.9375
3967,158763.78125
3968,188651.78125
3969,185199.0625
3970,188693.125
3971,158321.859375
3972,129130.328125
3973,157114.734375
3974,135836.078125
3975,169785.640625
3976,164329.5
3977,189626.96875
3978,182029.296875
3979,168178.953125
3980,254443.90625
3981,209858.875
3982,171786.9375
3983,174104.765625
3984,175537.921875
3985,135126.59375
3986,242657.703125
3987,110773.859375
3988,158678.140625
3989,251995.109375
3990,150048.59375
3991,173690.984375
3992,166096.203125
3993,202193.8125
3994,257820.703125
3995,177425.265625
3996,172881.234375
3997,241549.375
3998,194850.875
3999,162822.53125
4000,145861.015625
4001,153128.5625
4002,183618.171875
4003,175904.84375
4004,148255.609375
4005,227431.625
4006,261279.3125
4007,205987.3125
4008,160814.1875
4009,191626.4375
4010,213471.4375
4011,175002.859375
4012,149345.9375
4013,181930.546875
4014,173532.28125
4015,164694.53125
4016,125640.1015625
4017,158695.0625
4018,183931.59375
4019,119689.4296875
4020,150341.796875
4021,166740.359375
4022,172307.796875
4023,129940.0703125
4024,159457.53125
4025,218537.0625
4026,280257.625
4027,193165.796875
4028,167018.109375
4029,277054.46875
4030,275695.21875
4031,207852.890625
4032,143471.3125
4033,174974.078125
4034,213449.515625
4035,246123.234375
4036,117599.171875
4037,119885.8359375
4038,156777.859375
4039,143149.40625
4040,168550.984375
4041,249712.21875
4042,154013.5625
4043,200055.09375
4044,151543.359375
4045,164184.265625
4046,183617.53125
4047,140447.421875
4048,140345.234375
4049,177122.125
4050,172135.28125
4051,155110.203125
4052,158458.546875
4053,167593.078125
4054,185708.21875
4055,132782.578125
4056,202346.28125
4057,185562.125
4058,153128.15625
4059,160506.34375
4060,193071.6875
4061,217792.546875
4062,227665.359375
4063,154282.125
4064,98918.9296875
4065,239473.390625
4066,128099.390625
4067,189778.140625
4068,132442.5625
4069,139230.046875
4070,135302.046875
4071,173789.890625
4072,138108.0625
4073,210905.109375
4074,148543.46875
4075,127816.21875
4076,241442.546875
4077,212076.390625
4078,213219.21875
4079,177297.09375
4080,209285.609375
4081,235895.03125
4082,174470.1875
4083,154664.40625
4084,130992.1015625
4085,140143.265625
4086,111856.46875
4087,287253.78125
4088,174589.9375
4089,164736.53125
4090,206730.640625
4091,141159.46875
4092,151655.796875
4093,211207.203125
4094,153533.375
4095,116152.7890625
4096,147159.484375
4097,217605.796875
4098,189451.5625
4099,111184.265625
4100,177198.953125
4101,156020.859375
4102,233295.984375
4103,150956.671875
4104,230193.078125
4105,160673.875
4106,171999.75
4107,148485.125
4108,169850.453125
4109,150921.328125
4110,171433.984375
4111,126466.9296875
4112,143918.921875
4113,203877.3125
4114,197941.96875
4115,212223.046875
4116,128757.703125
4117,108849.0625
4118,141321.78125
4119,204943.296875
4120,158744.09375
4121,170155.9375
4122,236071.75
4123,160042.921875
4124,158936.3125
4125,184832.578125
4126,146416
4127,117882.3046875
4128,128010.59375
4129,157107.671875
4130,225284.765625
4131,135789.609375
4132,92434.5859375
4133,129529.484375
4134,161320.390625
4135,179945.265625
4136,117594.7421875
4137,131555.65625
4138,171942.0625
4139,183162.75
4140,116799.375
4141,106705.953125
4142,125572.265625
4143,187963.640625
4144,184633.609375
4145,182542.78125
4146,158627.125
4147,149044.171875
4148,189955.421875
4149,155980.609375
4150,188147.546875
4151,179495.96875
4152,220001.234375
4153,172437.625
4154,152441.640625
4155,193513.71875
4156,197397.953125
4157,234665.21875
4158,162187.546875
4159,164655.765625
4160,135925.703125
4161,235938.171875
4162,220964
4163,225287.171875
4164,220023.03125
4165,161097.15625
4166,111434.1484375
4167,135328.828125
4168,255854.625
4169,206777.296875
4170,140521.53125
4171,176241.4375
4172,163223.890625
4173,167018.375
4174,147760.765625
4175,148835.796875
4176,170637.203125
4177,194327.140625
4178,200931.171875
4179,158857.1875
4180,258632.59375
4181,173345.96875
4182,141919.921875
4183,130248.1015625
4184,129348.9921875
4185,137768.640625
4186,164103.625
4187,192723.59375
4188,147137.421875
4189,166185.84375
4190,240285.71875
4191,122578.8046875
4192,129460.9609375
4193,144534.109375
4194,191207.015625
4195,160298.5625
4196,178984.21875
4197,195320.796875
4198,159276.15625
4199,150006.65625
4200,215521.296875
4201,288194
4202,188777.953125
4203,183445.890625
4204,163737.765625
4205,212781.625
4206,166145.171875
4207,127614.5546875
4208,136197.078125
4209,207167.71875
4210,147048.796875
4211,170392.34375
4212,163466.34375
4213,166520.046875
4214,144577.734375
4215,135792.46875
4216,233331.828125
4217,179075.984375
4218,160648.21875
4219,208671.796875
4220,179872.4375
4221,164916.1875
4222,200509.921875
4223,131359.609375
4224,233462.34375
4225,189098.8125
4226,152226.765625
4227,140995.296875
4228,221034.84375
4229,214267.109375
4230,198427.21875
4231,181710.453125
4232,104772.2109375
4233,119703.25
4234,174454.875
4235,146080.359375
4236,186414.15625
4237,153741.0625
4238,137681.578125
4239,200202.859375
4240,225103.25
4241,142246.171875
4242,240482.0625
4243,195941.34375
4244,271122.21875
4245,309037.84375
4246,252000.3125
4247,129905.9140625
4248,195144.296875
4249,132247
4250,110197.4375
4251,242911.9375
4252,194912.96875
4253,200537.875
4254,142287.296875
4255,231147.53125
4256,140897.09375
4257,175691
4258,148248.78125
4259,144678.71875
4260,121721.5703125
4261,123590.5390625
4262,118742.421875
4263,188245.3125
4264,162721.734375
4265,129338.0078125
4266,154382.640625
4267,171480.4375
4268,187399.078125
4269,150736.453125
4270,121365.5546875
4271,146062.59375
4272,219586.921875
4273,219914.765625
4274,153356.65625
4275,236264.828125
4276,245653.3125
4277,172903.34375
4278,162217.21875
4279,143799.640625
4280,162223.59375
4281,204566.9375
4282,127059.1796875
4283,182082.15625
4284,179650.109375
4285,216562.859375
4286,207550.34375
4287,144102.578125
4288,150872.828125
4289,113130.9765625
4290,142990.03125
4291,113732.4453125
4292,186080.546875
4293,154847.84375
4294,212979
4295,254486.671875
4296,128430.6015625
4297,150113.5
4298,189629.40625
4299,272747.4375
4300,146435.78125
4301,242166.5625
4302,332212.5625
4303,162232.65625
4304,175767.9375
4305,159913.34375
4306,127718.46875
4307,293013.21875
4308,258812.46875
4309,124575.34375
4310,155090.578125
4311,138452.84375
4312,108705.796875
4313,156903.390625
4314,169613.21875
4315,128414.0625
4316,198019.921875
4317,269521.21875
4318,144202.890625
4319,111674.015625
4320,249941.28125
4321,106339.140625
4322,191736.484375
4323,187548.546875
4324,227105.265625
4325,146648.078125
4326,172638.953125
4327,107104.890625
4328,121421.296875
4329,212706.46875
4330,172219.53125
4331,151225.484375
4332,159086.171875
4333,185152.578125
4334,146758.15625
4335,137798.875
4336,152844.765625
4337,144490.625
4338,134102.96875
4339,176156.140625
4340,134850.171875
4341,216052.4375
4342,153575.484375
4343,155740.84375
4344,196551.1875
4345,149890.828125
4346,142226.34375
4347,135712.671875
4348,135653.265625
4349,163350.640625
4350,130795.8671875
4351,170112.40625
4352,127105.8046875
4353,258845.171875
4354,131091.96875
4355,173872.796875
4356,139433.84375
4357,130308.3125
4358,160778.921875
4359,175622.984375
4360,191087.125
4361,152897
4362,130982.6796875
4363,126824.1640625
4364,157056.265625
4365,124889.453125
4366,245594.09375
4367,156237.84375
4368,159312.078125
4369,138981.5
4370,172478.796875
4371,163679.734375
4372,146482.3125
4373,155816.5625
4374,169425.359375
4375,180698.4375
4376,161476.015625
4377,138814.6875
4378,146825.984375
4379,187034.9375
4380,247086.296875
4381,125266.671875
4382,147929.484375
4383,132377.90625
4384,161095.40625
4385,143895.84375
4386,262777.28125
4387,163826.390625
4388,142310.375
4389,167827.890625
4390,233846.703125
4391,178151.96875
4392,125813.4765625
4393,154440.15625
4394,203187.828125
4395,193568.3125
4396,224456.78125
4397,179303.34375
4398,123143.3984375
4399,117565.7421875
4400,160808.109375
4401,155846.828125
4402,212702.625
4403,224320.1875
4404,248693.0625
4405,159840.234375
4406,202838
4407,139500.03125
4408,209266.46875
4409,178345.8125
4410,172461.375
4411,261305.359375
4412,145093.25
4413,140996.125
4414,137193.078125
4415,166270.84375
4416,209442.046875
4417,223448.4375
4418,162029.65625
4419,183932.796875
4420,203116.40625
4421,298260.09375
4422,170760.734375
4423,137198.375
4424,176473.3125
4425,111925.90625
4426,170256.578125
4427,179494.265625
4428,132227.0625
4429,180675.34375
4430,126990.3046875
4431,157097.390625
4432,173688.015625
4433,224358.421875
4434,117129.1953125
4435,138458.4375
4436,123465.7578125
4437,180917.046875
4438,147564.359375
4439,198628.015625
4440,172203.109375
4441,253040.59375
4442,227929.3125
4443,240282.328125
4444,215992.4375
4445,162079.859375
4446,179306.109375
4447,126529.4765625
4448,116411.59375
4449,188129.125
4450,118591.171875
4451,143069.71875
4452,156453.40625
4453,148355.171875
4454,179214.578125
4455,120029.3046875
4456,165161.1875
4457,141336.203125
4458,192243.4375
4459,162164.484375
4460,135793.90625
4461,154145
4462,223650.75
4463,186578.5
4464,238562.40625
4465,126084.1015625
4466,185944.328125
4467,163660.34375
4468,267824.75
4469,159686.46875
4470,233619.296875
4471,182909.421875
4472,231269.6875
4473,220408.21875
4474,198597.109375
4475,162058.078125
4476,139977.5
4477,232515.96875
4478,123173.0234375
4479,269160.78125
4480,157833.59375
4481,140510.03125
4482,157825.953125
4483,191067.59375
4484,225504.03125
4485,177292.125
4486,136195.015625
4487,158597.1875
4488,141515.140625
4489,156707.546875
4490,171164.71875
4491,162355.796875
4492,191339.234375
4493,187228.125
4494,146456.5
4495,114665.265625
4496,150888.265625
4497,142922.25
4498,136904.546875
4499,169378.015625
4500,141035.75
4501,147249.25
4502,285226.15625
4503,157224.90625
4504,132554.828125
4505,197607.375
4506,165611.34375
4507,119968.265625
4508,191770.78125
4509,236968.796875
4510,199647.15625
4511,135469.265625
4512,193912.171875
4513,166313.8125
4514,139211.84375
4515,171957.609375
4516,126654.5546875
4517,165429.078125
4518,164022.4375
4519,322732.09375
4520,175684.734375
4521,157951.296875
4522,132064.65625
4523,161352.015625
4524,145523.03125
4525,180077.953125
4526,143700.046875
4527,230974.828125
4528,179259.40625
4529,243562.34375
4530,112799.9296875
4531,145234.4375
4532,201233.703125
4533,181809.59375
4534,179480.734375
4535,163450.375
4536,170698.203125
4537,162286.828125
4538,144486.921875
4539,145003.5
4540,158746.25
4541,123788
4542,157276.234375
4543,181525.109375
4544,168327.734375
4545,151597.046875
4546,149815.78125
4547,244315.625
4548,195033.90625
4549,196168.796875
4550,167183.453125
4551,146361.921875
4552,143634.40625
4553,163438.234375
4554,220859.78125
4555,162921.09375
4556,138123.359375
4557,134240.9375
4558,179508.21875
4559,182060.390625
4560,157694.625
4561,178595.96875
4562,142640.328125
4563,157427.078125
4564,136669.75
4565,170221.296875
4566,134170.234375
4567,192080.5625
4568,165357.21875
4569,187797.578125
4570,184849.859375
4571,183886.296875
4572,138042.59375
4573,258702.25
4574,212683.609375
4575,159534.203125
4576,152285.171875
4577,176522.09375
4578,160216.015625
4579,156353.84375
4580,194177.65625
4581,195386.71875
4582,190655.03125
4583,144076.640625
4584,142957.046875
4585,216117.0625
4586,111782.9375
4587,149571
4588,124258.8671875
4589,155342.484375
4590,217169.40625
4591,151587.265625
4592,145616
4593,131052.859375
4594,213596.1875
4595,130270.5625
4596,150244.71875
4597,143687.796875
4598,130916.53125
4599,170623.296875
4600,141515.296875
4601,104843.1796875
4602,182531.25
4603,196588.875
4604,153669
4605,132721.21875
4606,142293.140625
4607,215345.40625
4608,165669.90625
4609,132968.515625
4610,154705.1875
4611,180751.421875
4612,180630.859375
4613,183778.671875
4614,205266.0625
4615,204480.921875
4616,162995.578125
4617,197183.71875
4618,220809.578125
4619,190096.28125
4620,144508.65625
4621,170927.734375
4622,201175.453125
4623,163993.046875
4624,188437.203125
4625,143500.765625
4626,138804.765625
4627,163078.828125
4628,115266.46875
4629,156167.59375
4630,156727.609375
4631,199516.5625
4632,125404.6796875
4633,189674.734375
4634,196002.234375
4635,173005.34375
4636,165968.34375
4637,154747.359375
4638,190516.15625
4639,144378.15625
4640,144218.453125
4641,155827.765625
4642,172616.59375
4643,148854.234375
4644,190570.359375
4645,117730.5078125
4646,110377.7578125
4647,174433.140625
4648,245438.21875
4649,207655.46875
4650,112708.6171875
4651,219520.03125
4652,151754.453125
4653,145884.1875
4654,123928.328125
4655,175911.21875
4656,152190.140625
4657,139393.84375
4658,117600.84375
4659,207717.234375
4660,143604.953125
4661,167175.078125
4662,200418.40625
4663,134019.90625
4664,133368.140625
4665,165237.28125
4666,199977.96875
4667,167445.890625
4668,168392.203125
4669,185410.21875
4670,160118.5625
4671,129961.5546875
4672,154613.671875
4673,142625.5
4674,190179.546875
4675,103444.734375
4676,192115.625
4677,131074.1875
4678,241348.421875
4679,129013.140625
4680,179839.625
4681,179787.75
4682,284166.78125
4683,121615.234375
4684,184300.375
4685,164223.890625
4686,157397.3125
4687,207073.796875
4688,131452.953125
4689,219164.25
4690,200845.6875
4691,166691.9375
4692,167871.28125
4693,283422.5625
4694,182068.484375
4695,173453.703125
4696,203891.265625
4697,157348.734375
4698,197532.578125
4699,149213.015625
4700,152083.953125
4701,183276.234375
4702,141066.5625
4703,166501.453125
4704,156519.265625
4705,159422.203125
4706,185717.75
4707,110623.296875
4708,109481.078125
4709,175778.984375
4710,154966.640625
4711,129986.203125
4712,157009.15625
4713,138464.203125
4714,151477.625
4715,174869.53125
4716,178978.78125
4717,130635.265625
4718,149952.84375
4719,121493.0625
4720,120885.8125
4721,149686.515625
4722,238698.921875
4723,163155.375
4724,166897.546875
4725,136892.421875
4726,185909.390625
4727,176079.28125
4728,127292.109375
4729,165689.625
4730,135849.21875
4731,159807.1875
4732,144235.3125
4733,138680.515625
4734,229914.375
4735,150988.046875
4736,165548.984375
4737,164155.21875
4738,180509.171875
4739,141820.40625
4740,159372.078125
4741,123144.578125
4742,276895.78125
4743,155958.828125
4744,126216.2109375
4745,271501.375
4746,161125.03125
4747,151994.75
4748,137674.0625
4749,199894.109375
4750,134616.390625
4751,179475.265625
4752,180355.96875
4753,148460.453125
4754,178149.078125
4755,173786.4375
4756,133403.5625
4757,151319.40625
4758,165021.140625
4759,233143.359375
4760,145129.171875
4761,153906.234375
4762,125692.796875
4763,147107.421875
4764,145998.171875
4765,249536.546875
4766,163392.265625
4767,169344.921875
4768,192188.5625
4769,174034.984375
4770,196863.734375
4771,168084.34375
4772,149117.546875
4773,178488.65625
4774,140319.75
4775,144672.0625
4776,152182.984375
4777,148327.640625
4778,138929.8125
4779,192876.671875
4780,207516.40625
4781,189581.59375
4782,162981.6875
4783,140659.90625
4784,186611.953125
4785,284456.4375
4786,155397.40625
4787,106914.703125
4788,224624.421875
4789,170132.828125
4790,151036.171875
4791,166528.203125
4792,143284.84375
4793,119686.6640625
4794,169406.953125
4795,173800.796875
4796,125910.59375
4797,202104.734375
4798,129888.4765625
4799,212877.6875
4800,138437.875
4801,140023.53125
4802,149789.328125
4803,149946.0625
4804,157964.578125
4805,144164.015625
4806,182009.796875
4807,209648.859375
4808,169546.21875
4809,152224.640625
4810,186954.5625
4811,156810.578125
4812,147952.1875
4813,138600.4375
4814,157637.828125
4815,218633.625
4816,156357.96875
4817,149708.046875
4818,158827.78125
4819,204014.359375
4820,247903.21875
4821,164176.109375
4822,184421.859375
4823,226926.140625
4824,150512.46875
4825,167161.3125
4826,129267.421875
4827,197162.890625
4828,156610.265625
4829,165404.03125
4830,179538.609375
4831,184837.890625
4832,132123.71875
4833,157570.1875
4834,177374.609375
4835,150518.1875
4836,128594.9921875
4837,171123.84375
4838,139878.265625
4839,156337.625
4840,125362.1171875
4841,177511.75
4842,251513.890625
4843,176582.59375
4844,163158.0625
4845,139121.9375
4846,240187.390625
4847,182904.5625
4848,177175.109375
4849,183549.59375
4850,167205.921875
4851,187060.078125
4852,153801.03125
4853,188551.578125
4854,164270.984375
4855,165387.390625
4856,182865.59375
4857,159350.421875
4858,187728.03125
4859,154614.109375
4860,258412.453125
4861,148997.8125
4862,129199.9296875
4863,175398.09375
4864,160897.640625
4865,184445.875
4866,129484.53125
4867,161514.359375
4868,205533.6875
4869,154528.453125
4870,206122.5625
4871,126677.9453125
4872,170456.578125
4873,178245.078125
4874,204687.09375
4875,144398.875
4876,142367
4877,113772.0390625
4878,140859.734375
4879,192812.28125
4880,135875.34375
4881,119851.5
4882,164865.328125
4883,127894.796875
4884,145346.671875
4885,176033.25
4886,215844.6875
4887,181510.921875
4888,128828.8984375
4889,207240.453125
4890,195450.9375
4891,147398.578125
4892,164663.875
4893,190109.34375
4894,178180.671875
4895,153612.78125
4896,170522.421875
4897,149081.140625
4898,147030.1875
4899,146770.59375
4900,209784.90625
4901,172399.9375
4902,161184.421875
4903,192753.0625
4904,171688.640625
4905,144714.8125
4906,226042.796875
4907,215829.28125
4908,202287.125
4909,183796.15625
4910,192742.609375
4911,154724.796875
4912,238374.734375
4913,126278.203125
4914,155428.046875
4915,175435.265625
4916,136020.359375
4917,242288.328125
4918,228302.8125
4919,173893.5625
4920,223522.890625
4921,158431.875
4922,124989.7734375
4923,226979.28125
4924,182772.375
4925,151661
4926,122177.265625
4927,167643.640625
4928,192722.75
4929,188764.703125
4930,230962.28125
4931,163887.390625
4932,129698.4921875
4933,153548.578125
4934,121009.2734375
4935,200430.609375
4936,300828.84375
4937,207966.765625
4938,151652.5625
4939,179383.421875
4940,170249.703125
4941,135834.390625
4942,191036.296875
4943,158745.65625
4944,130292.4609375
4945,103448.5625
4946,199878.75
4947,211024.390625
4948,148488.265625
4949,107733.8203125
4950,265719.9375
4951,204287.859375
4952,158994.3125
4953,207583.328125
4954,149306.65625
4955,202611.5
4956,144362.40625
4957,158139.265625
4958,130635.6640625
4959,193918.203125
4960,156699.53125
4961,127912.5625
4962,192490.46875
4963,186681.375
4964,212887.6875
4965,243485.8125
4966,187037.703125
4967,207547.828125
4968,178375.40625
4969,185287.171875
4970,211082.203125
4971,181553.96875
4972,145430.984375
4973,139380.8125
4974,164823.125
4975,122828.8125
4976,161085.234375
4977,122573.1875
4978,167303.453125
4979,103832.8125
4980,159431.5
4981,144144.796875
4982,177736.359375
4983,163025.875
4984,162682.265625
4985,194663.65625
4986,213887.828125
4987,130577.71875
4988,105150.3046875
4989,192179.359375
4990,106307.3984375
4991,136546.0625
4992,150653.703125
4993,162733.8125
4994,147318.6875
4995,187490.34375
4996,197815.84375
4997,305183.09375
4998,225165.96875
4999,197981.296875
5000,153819.5625
